,tanggal,nama_kecamatan,positif
0,2020-03-25,CAKUNG,8.0
1,2020-03-26,CAKUNG,8.0
2,2020-03-27,CAKUNG,8.0
3,2020-03-28,CAKUNG,8.0
4,2020-03-29,CAKUNG,9.0
5,2020-03-30,CAKUNG,10.0
6,2020-03-31,CAKUNG,12.0
7,2020-04-01,CAKUNG,12.0
8,2020-04-02,CAKUNG,12.0
9,2020-04-03,CAKUNG,12.0
10,2020-04-04,CAKUNG,14.0
11,2020-04-05,CAKUNG,15.0
12,2020-04-06,CAKUNG,16.0
13,2020-04-07,CAKUNG,16.0
14,2020-04-08,CAKUNG,16.0
15,2020-04-09,CAKUNG,16.0
16,2020-04-10,CAKUNG,17.0
17,2020-04-11,CAKUNG,19.0
18,2020-04-12,CAKUNG,21.0
19,2020-04-13,CAKUNG,26.0
20,2020-04-14,CAKUNG,30.0
21,2020-04-15,CAKUNG,30.0
22,2020-04-16,CAKUNG,39.0
23,2020-04-17,CAKUNG,44.0
24,2020-04-18,CAKUNG,47.0
25,2020-04-19,CAKUNG,47.0
26,2020-04-20,CAKUNG,47.0
27,2020-04-21,CAKUNG,50.0
28,2020-04-22,CAKUNG,53.0
29,2020-04-23,CAKUNG,59.0
30,2020-04-24,CAKUNG,60.0
31,2020-04-25,CAKUNG,64.0
32,2020-04-26,CAKUNG,67.0
33,2020-04-27,CAKUNG,71.0
34,2020-04-28,CAKUNG,75.0
35,2020-04-29,CAKUNG,78.0
36,2020-04-30,CAKUNG,78.0
37,2020-05-01,CAKUNG,80.0
38,2020-05-02,CAKUNG,83.0
39,2020-05-03,CAKUNG,85.0
40,2020-05-04,CAKUNG,90.0
41,2020-05-05,CAKUNG,92.0
42,2020-05-06,CAKUNG,91.0
43,2020-05-07,CAKUNG,91.0
44,2020-05-08,CAKUNG,93.0
45,2020-05-09,CAKUNG,93.0
46,2020-05-10,CAKUNG,97.0
47,2020-05-11,CAKUNG,97.0
48,2020-05-12,CAKUNG,102.0
49,2020-05-13,CAKUNG,103.0
50,2020-05-14,CAKUNG,106.0
51,2020-05-15,CAKUNG,110.0
52,2020-05-16,CAKUNG,113.0
53,2020-05-17,CAKUNG,114.0
54,2020-05-18,CAKUNG,114.0
55,2020-05-19,CAKUNG,114.0
56,2020-05-20,CAKUNG,116.0
57,2020-05-21,CAKUNG,117.0
58,2020-05-22,CAKUNG,117.0
59,2020-05-23,CAKUNG,118.0
60,2020-05-24,CAKUNG,121.0
61,2020-05-25,CAKUNG,121.0
62,2020-05-26,CAKUNG,121.0
63,2020-05-27,CAKUNG,122.0
64,2020-05-28,CAKUNG,123.0
65,2020-05-29,CAKUNG,123.0
66,2020-05-30,CAKUNG,123.0
67,2020-05-31,CAKUNG,123.0
68,2020-06-01,CAKUNG,124.0
69,2020-06-02,CAKUNG,125.0
70,2020-06-03,CAKUNG,125.0
71,2020-06-04,CAKUNG,126.0
72,2020-06-05,CAKUNG,126.0
73,2020-06-06,CAKUNG,127.0
74,2020-06-07,CAKUNG,128.0
75,2020-06-08,CAKUNG,129.0
76,2020-06-09,CAKUNG,129.0
77,2020-06-10,CAKUNG,132.0
78,2020-06-11,CAKUNG,134.0
79,2020-06-12,CAKUNG,135.0
80,2020-06-13,CAKUNG,136.0
81,2020-06-14,CAKUNG,136.0
82,2020-06-15,CAKUNG,137.0
83,2020-06-16,CAKUNG,140.0
84,2020-06-17,CAKUNG,141.0
85,2020-06-18,CAKUNG,145.0
86,2020-06-19,CAKUNG,145.0
87,2020-06-20,CAKUNG,147.0
88,2020-06-21,CAKUNG,150.0
89,2020-06-22,CAKUNG,152.0
90,2020-06-23,CAKUNG,153.0
91,2020-06-24,CAKUNG,152.0
92,2020-06-25,CAKUNG,166.0
93,2020-06-26,CAKUNG,168.0
94,2020-06-27,CAKUNG,171.0
95,2020-06-28,CAKUNG,174.0
96,2020-06-29,CAKUNG,178.0
97,2020-06-30,CAKUNG,178.0
98,2020-07-01,CAKUNG,178.0
99,2020-07-02,CAKUNG,185.0
100,2020-07-03,CAKUNG,191.0
101,2020-07-04,CAKUNG,191.0
102,2020-07-05,CAKUNG,192.0
103,2020-07-06,CAKUNG,194.0
104,2020-07-07,CAKUNG,195.0
105,2020-07-08,CAKUNG,195.0
106,2020-07-09,CAKUNG,202.0
107,2020-07-10,CAKUNG,202.0
108,2020-07-11,CAKUNG,204.0
109,2020-07-12,CAKUNG,208.0
110,2020-07-13,CAKUNG,213.0
111,2020-07-14,CAKUNG,225.0
112,2020-07-15,CAKUNG,234.0
113,2020-07-16,CAKUNG,236.0
114,2020-07-17,CAKUNG,236.0
115,2020-07-18,CAKUNG,249.0
116,2020-07-19,CAKUNG,251.0
117,2020-07-20,CAKUNG,257.0
118,2020-07-21,CAKUNG,271.0
119,2020-07-22,CAKUNG,267.0
120,2020-07-23,CAKUNG,284.0
121,2020-07-24,CAKUNG,287.0
122,2020-07-25,CAKUNG,292.0
123,2020-07-26,CAKUNG,292.0
124,2020-07-27,CAKUNG,298.0
125,2020-07-28,CAKUNG,301.0
126,2020-07-29,CAKUNG,327.0
127,2020-07-30,CAKUNG,336.0
128,2020-07-31,CAKUNG,327.0
129,2020-08-01,CAKUNG,336.62770407647673
130,2020-08-02,CAKUNG,346.3063520284263
131,2020-08-03,CAKUNG,356.0352675065179
132,2020-08-04,CAKUNG,365.81377416142044
133,2020-08-05,CAKUNG,375.6411956438028
134,2020-08-06,CAKUNG,385.5168556043341
135,2020-08-07,CAKUNG,395.44007769368335
136,2020-08-08,CAKUNG,405.4101855625193
137,2020-08-09,CAKUNG,415.4265028615112
138,2020-08-10,CAKUNG,425.4883532413279
139,2020-08-11,CAKUNG,435.59506035263837
140,2020-08-12,CAKUNG,445.7459478461117
141,2020-08-13,CAKUNG,455.94033937241676
142,2020-08-14,CAKUNG,466.1775585822226
143,2020-08-15,CAKUNG,476.4569291261982
144,2020-08-16,CAKUNG,486.7777746550125
145,2020-08-17,CAKUNG,497.13941881933454
146,2020-08-18,CAKUNG,507.54118526983325
147,2020-08-19,CAKUNG,517.9823976571778
148,2020-08-20,CAKUNG,528.4623796320368
149,2020-08-21,CAKUNG,538.9804548450794
150,2020-08-22,CAKUNG,549.5359469469748
151,2020-08-23,CAKUNG,560.1281795883918
152,2020-08-24,CAKUNG,570.7564764199994
153,2020-08-25,CAKUNG,581.4201610924666
154,2020-08-26,CAKUNG,592.1185572564624
155,2020-08-27,CAKUNG,602.8509885626557
156,2020-08-28,CAKUNG,613.6167786617156
157,2020-08-29,CAKUNG,624.4152512043108
158,2020-08-30,CAKUNG,635.2457298411108
159,2020-08-31,CAKUNG,646.1075382227841
160,2020-09-01,CAKUNG,657.0
161,2020-09-02,CAKUNG,668.0
162,2020-09-03,CAKUNG,676.0
163,2020-09-04,CAKUNG,695.0
164,2020-09-05,CAKUNG,823.0
165,2020-09-06,CAKUNG,824.0
166,2020-09-07,CAKUNG,851.0
167,2020-09-08,CAKUNG,799.0
168,2020-09-09,CAKUNG,838.0
169,2020-09-10,CAKUNG,866.0
170,2020-09-11,CAKUNG,916.0
171,2020-09-12,CAKUNG,945.0
172,2020-09-13,CAKUNG,1041.0
173,2020-09-14,CAKUNG,993.0
174,2020-09-15,CAKUNG,1047.0
175,2020-09-16,CAKUNG,1056.0
176,2020-09-17,CAKUNG,1089.0
177,2020-09-18,CAKUNG,1126.0
178,2020-09-19,CAKUNG,1150.0
179,2020-09-20,CAKUNG,1187.0
180,2020-09-21,CAKUNG,1204.0
181,2020-09-22,CAKUNG,1234.0
182,2020-09-23,CAKUNG,1281.0
183,2020-09-24,CAKUNG,1282.0
184,2020-09-25,CAKUNG,1359.0
185,2020-09-26,CAKUNG,1429.0
186,2020-09-27,CAKUNG,1473.0
187,2020-09-28,CAKUNG,1562.0
188,2020-09-29,CAKUNG,1588.0
189,2020-09-30,CAKUNG,1620.0
190,2020-10-01,CAKUNG,1671.0
191,2020-10-02,CAKUNG,1696.0
192,2020-10-03,CAKUNG,1722.0
193,2020-10-04,CAKUNG,1737.0
194,2020-10-05,CAKUNG,1775.0
195,2020-10-06,CAKUNG,1802.0
196,2020-10-07,CAKUNG,1871.0
197,2020-10-08,CAKUNG,1900.0
198,2020-10-09,CAKUNG,1964.0
199,2020-10-10,CAKUNG,2011.0
200,2020-10-11,CAKUNG,2075.0
201,2020-10-12,CAKUNG,2093.0
202,2020-10-13,CAKUNG,2102.0
203,2020-10-14,CAKUNG,2151.0
204,2020-10-15,CAKUNG,2165.0
205,2020-10-16,CAKUNG,2208.0
206,2020-10-17,CAKUNG,2261.0
207,2020-10-18,CAKUNG,2283.0
208,2020-10-19,CAKUNG,2298.0
209,2020-10-20,CAKUNG,2338.0
210,2020-10-21,CAKUNG,2362.0
211,2020-10-22,CAKUNG,2392.0
212,2020-10-23,CAKUNG,2406.0
213,2020-10-24,CAKUNG,2447.0
214,2020-10-25,CAKUNG,2476.0
215,2020-10-26,CAKUNG,2517.0
216,2020-10-27,CAKUNG,2524.0
217,2020-10-28,CAKUNG,2553.0
218,2020-10-29,CAKUNG,2559.0
219,2020-10-30,CAKUNG,2585.0
220,2020-10-31,CAKUNG,2607.0
221,2020-11-01,CAKUNG,2629.0
222,2020-11-02,CAKUNG,2666.0
223,2020-11-03,CAKUNG,2701.0
224,2020-11-04,CAKUNG,2733.0
225,2020-11-05,CAKUNG,2761.0
226,2020-11-06,CAKUNG,2777.0
227,2020-11-07,CAKUNG,2840.0
228,2020-11-08,CAKUNG,2873.0
229,2020-11-09,CAKUNG,2891.0
230,2020-11-10,CAKUNG,2932.0
231,2020-11-11,CAKUNG,2943.0
232,2020-11-12,CAKUNG,2972.0
233,2020-11-13,CAKUNG,3017.0
234,2020-11-14,CAKUNG,3058.0
235,2020-11-15,CAKUNG,3106.0
236,2020-11-16,CAKUNG,3140.0
237,2020-11-17,CAKUNG,3161.0
238,2020-11-18,CAKUNG,3196.0
239,2020-11-19,CAKUNG,3232.0
240,2020-11-20,CAKUNG,3272.0
241,2020-11-21,CAKUNG,3320.0
242,2020-11-22,CAKUNG,3378.0
243,2020-11-23,CAKUNG,3424.0
244,2020-11-24,CAKUNG,3453.0
245,2020-11-25,CAKUNG,3479.0
246,2020-11-26,CAKUNG,3506.0
247,2020-11-27,CAKUNG,3552.0
248,2020-11-28,CAKUNG,3617.0
249,2020-11-29,CAKUNG,3645.0
250,2020-11-30,CAKUNG,3658.0
251,2020-03-25,CIPAYUNG,1.0
252,2020-03-26,CIPAYUNG,2.0
253,2020-03-27,CIPAYUNG,2.0
254,2020-03-28,CIPAYUNG,3.0
255,2020-03-29,CIPAYUNG,3.0
256,2020-03-30,CIPAYUNG,4.0
257,2020-03-31,CIPAYUNG,6.0
258,2020-04-01,CIPAYUNG,6.0
259,2020-04-02,CIPAYUNG,8.0
260,2020-04-03,CIPAYUNG,8.0
261,2020-04-04,CIPAYUNG,9.0
262,2020-04-05,CIPAYUNG,9.0
263,2020-04-06,CIPAYUNG,9.0
264,2020-04-07,CIPAYUNG,9.0
265,2020-04-08,CIPAYUNG,8.0
266,2020-04-09,CIPAYUNG,8.0
267,2020-04-10,CIPAYUNG,11.0
268,2020-04-11,CIPAYUNG,11.0
269,2020-04-12,CIPAYUNG,12.0
270,2020-04-13,CIPAYUNG,15.0
271,2020-04-14,CIPAYUNG,17.0
272,2020-04-15,CIPAYUNG,17.0
273,2020-04-16,CIPAYUNG,18.0
274,2020-04-17,CIPAYUNG,19.0
275,2020-04-18,CIPAYUNG,24.0
276,2020-04-19,CIPAYUNG,24.0
277,2020-04-20,CIPAYUNG,26.0
278,2020-04-21,CIPAYUNG,26.0
279,2020-04-22,CIPAYUNG,27.0
280,2020-04-23,CIPAYUNG,28.0
281,2020-04-24,CIPAYUNG,31.0
282,2020-04-25,CIPAYUNG,33.0
283,2020-04-26,CIPAYUNG,31.0
284,2020-04-27,CIPAYUNG,37.0
285,2020-04-28,CIPAYUNG,37.0
286,2020-04-29,CIPAYUNG,37.0
287,2020-04-30,CIPAYUNG,38.0
288,2020-05-01,CIPAYUNG,39.0
289,2020-05-02,CIPAYUNG,39.0
290,2020-05-03,CIPAYUNG,41.0
291,2020-05-04,CIPAYUNG,44.0
292,2020-05-05,CIPAYUNG,46.0
293,2020-05-06,CIPAYUNG,46.0
294,2020-05-07,CIPAYUNG,48.0
295,2020-05-08,CIPAYUNG,50.0
296,2020-05-09,CIPAYUNG,51.0
297,2020-05-10,CIPAYUNG,51.0
298,2020-05-11,CIPAYUNG,57.0
299,2020-05-12,CIPAYUNG,56.0
300,2020-05-13,CIPAYUNG,59.0
301,2020-05-14,CIPAYUNG,59.0
302,2020-05-15,CIPAYUNG,59.0
303,2020-05-16,CIPAYUNG,62.0
304,2020-05-17,CIPAYUNG,62.0
305,2020-05-18,CIPAYUNG,62.0
306,2020-05-19,CIPAYUNG,64.0
307,2020-05-20,CIPAYUNG,66.0
308,2020-05-21,CIPAYUNG,67.0
309,2020-05-22,CIPAYUNG,67.0
310,2020-05-23,CIPAYUNG,69.0
311,2020-05-24,CIPAYUNG,69.0
312,2020-05-25,CIPAYUNG,69.0
313,2020-05-26,CIPAYUNG,69.0
314,2020-05-27,CIPAYUNG,69.0
315,2020-05-28,CIPAYUNG,69.0
316,2020-05-29,CIPAYUNG,69.0
317,2020-05-30,CIPAYUNG,69.0
318,2020-05-31,CIPAYUNG,69.0
319,2020-06-01,CIPAYUNG,69.0
320,2020-06-02,CIPAYUNG,69.0
321,2020-06-03,CIPAYUNG,70.0
322,2020-06-04,CIPAYUNG,71.0
323,2020-06-05,CIPAYUNG,71.0
324,2020-06-06,CIPAYUNG,71.0
325,2020-06-07,CIPAYUNG,71.0
326,2020-06-08,CIPAYUNG,71.0
327,2020-06-09,CIPAYUNG,72.0
328,2020-06-10,CIPAYUNG,73.0
329,2020-06-11,CIPAYUNG,74.0
330,2020-06-12,CIPAYUNG,74.0
331,2020-06-13,CIPAYUNG,74.0
332,2020-06-14,CIPAYUNG,74.0
333,2020-06-15,CIPAYUNG,74.0
334,2020-06-16,CIPAYUNG,74.0
335,2020-06-17,CIPAYUNG,78.0
336,2020-06-18,CIPAYUNG,81.0
337,2020-06-19,CIPAYUNG,83.0
338,2020-06-20,CIPAYUNG,87.0
339,2020-06-21,CIPAYUNG,87.0
340,2020-06-22,CIPAYUNG,88.0
341,2020-06-23,CIPAYUNG,88.0
342,2020-06-24,CIPAYUNG,89.0
343,2020-06-25,CIPAYUNG,87.0
344,2020-06-26,CIPAYUNG,91.0
345,2020-06-27,CIPAYUNG,101.0
346,2020-06-28,CIPAYUNG,101.0
347,2020-06-29,CIPAYUNG,102.0
348,2020-06-30,CIPAYUNG,105.0
349,2020-07-01,CIPAYUNG,105.0
350,2020-07-02,CIPAYUNG,108.0
351,2020-07-03,CIPAYUNG,112.0
352,2020-07-04,CIPAYUNG,112.0
353,2020-07-05,CIPAYUNG,113.0
354,2020-07-06,CIPAYUNG,114.0
355,2020-07-07,CIPAYUNG,117.0
356,2020-07-08,CIPAYUNG,118.0
357,2020-07-09,CIPAYUNG,121.0
358,2020-07-10,CIPAYUNG,124.0
359,2020-07-11,CIPAYUNG,124.0
360,2020-07-12,CIPAYUNG,130.0
361,2020-07-13,CIPAYUNG,124.0
362,2020-07-14,CIPAYUNG,129.0
363,2020-07-15,CIPAYUNG,140.0
364,2020-07-16,CIPAYUNG,144.0
365,2020-07-17,CIPAYUNG,150.0
366,2020-07-18,CIPAYUNG,156.0
367,2020-07-19,CIPAYUNG,156.0
368,2020-07-20,CIPAYUNG,156.0
369,2020-07-21,CIPAYUNG,163.0
370,2020-07-22,CIPAYUNG,166.0
371,2020-07-23,CIPAYUNG,168.0
372,2020-07-24,CIPAYUNG,175.0
373,2020-07-25,CIPAYUNG,192.0
374,2020-07-26,CIPAYUNG,192.0
375,2020-07-27,CIPAYUNG,203.0
376,2020-07-28,CIPAYUNG,201.0
377,2020-07-29,CIPAYUNG,222.0
378,2020-07-30,CIPAYUNG,227.0
379,2020-07-31,CIPAYUNG,222.0
380,2020-08-01,CIPAYUNG,225.45858447269046
381,2020-08-02,CIPAYUNG,229.1351048469343
382,2020-08-03,CIPAYUNG,233.0265831166234
383,2020-08-04,CIPAYUNG,237.13004127564955
384,2020-08-05,CIPAYUNG,241.4425013179046
385,2020-08-06,CIPAYUNG,245.96098523728028
386,2020-08-07,CIPAYUNG,250.68251502766847
387,2020-08-08,CIPAYUNG,255.60411268296102
388,2020-08-09,CIPAYUNG,260.72280019704965
389,2020-08-10,CIPAYUNG,266.0355995638263
390,2020-08-11,CIPAYUNG,271.5395327771826
391,2020-08-12,CIPAYUNG,277.23162183101056
392,2020-08-13,CIPAYUNG,283.1088887192019
393,2020-08-14,CIPAYUNG,289.16835543564855
394,2020-08-15,CIPAYUNG,295.40704397424213
395,2020-08-16,CIPAYUNG,301.82197632887454
396,2020-08-17,CIPAYUNG,308.4101744934377
397,2020-08-18,CIPAYUNG,315.1686604618233
398,2020-08-19,CIPAYUNG,322.0944562279232
399,2020-08-20,CIPAYUNG,329.1845837856293
400,2020-08-21,CIPAYUNG,336.4360651288332
401,2020-08-22,CIPAYUNG,343.84592225142694
402,2020-08-23,CIPAYUNG,351.4111771473022
403,2020-08-24,CIPAYUNG,359.12885181035085
404,2020-08-25,CIPAYUNG,366.9959682344648
405,2020-08-26,CIPAYUNG,375.00954841353564
406,2020-08-27,CIPAYUNG,383.16661434145533
407,2020-08-28,CIPAYUNG,391.4641880121157
408,2020-08-29,CIPAYUNG,399.8992914194085
409,2020-08-30,CIPAYUNG,408.46894655722565
410,2020-08-31,CIPAYUNG,417.1701754194589
411,2020-09-01,CIPAYUNG,426.0
412,2020-09-02,CIPAYUNG,436.0
413,2020-09-03,CIPAYUNG,441.0
414,2020-09-04,CIPAYUNG,457.0
415,2020-09-05,CIPAYUNG,473.0
416,2020-09-06,CIPAYUNG,479.0
417,2020-09-07,CIPAYUNG,495.0
418,2020-09-08,CIPAYUNG,502.0
419,2020-09-09,CIPAYUNG,518.0
420,2020-09-10,CIPAYUNG,535.0
421,2020-09-11,CIPAYUNG,554.0
422,2020-09-12,CIPAYUNG,570.0
423,2020-09-13,CIPAYUNG,598.0
424,2020-09-14,CIPAYUNG,612.0
425,2020-09-15,CIPAYUNG,631.0
426,2020-09-16,CIPAYUNG,639.0
427,2020-09-17,CIPAYUNG,674.0
428,2020-09-18,CIPAYUNG,678.0
429,2020-09-19,CIPAYUNG,711.0
430,2020-09-20,CIPAYUNG,733.0
431,2020-09-21,CIPAYUNG,746.0
432,2020-09-22,CIPAYUNG,751.0
433,2020-09-23,CIPAYUNG,810.0
434,2020-09-24,CIPAYUNG,811.0
435,2020-09-25,CIPAYUNG,838.0
436,2020-09-26,CIPAYUNG,852.0
437,2020-09-27,CIPAYUNG,883.0
438,2020-09-28,CIPAYUNG,909.0
439,2020-09-29,CIPAYUNG,929.0
440,2020-09-30,CIPAYUNG,959.0
441,2020-10-01,CIPAYUNG,1007.0
442,2020-10-02,CIPAYUNG,1026.0
443,2020-10-03,CIPAYUNG,1083.0
444,2020-10-04,CIPAYUNG,1101.0
445,2020-10-05,CIPAYUNG,1106.0
446,2020-10-06,CIPAYUNG,1131.0
447,2020-10-07,CIPAYUNG,1159.0
448,2020-10-08,CIPAYUNG,1169.0
449,2020-10-09,CIPAYUNG,1198.0
450,2020-10-10,CIPAYUNG,1204.0
451,2020-10-11,CIPAYUNG,1235.0
452,2020-10-12,CIPAYUNG,1246.0
453,2020-10-13,CIPAYUNG,1270.0
454,2020-10-14,CIPAYUNG,1299.0
455,2020-10-15,CIPAYUNG,1316.0
456,2020-10-16,CIPAYUNG,1331.0
457,2020-10-17,CIPAYUNG,1361.0
458,2020-10-18,CIPAYUNG,1369.0
459,2020-10-19,CIPAYUNG,1384.0
460,2020-10-20,CIPAYUNG,1408.0
461,2020-10-21,CIPAYUNG,1424.0
462,2020-10-22,CIPAYUNG,1434.0
463,2020-10-23,CIPAYUNG,1443.0
464,2020-10-24,CIPAYUNG,1459.0
465,2020-10-25,CIPAYUNG,1487.0
466,2020-10-26,CIPAYUNG,1504.0
467,2020-10-27,CIPAYUNG,1508.0
468,2020-10-28,CIPAYUNG,1531.0
469,2020-10-29,CIPAYUNG,1545.0
470,2020-10-30,CIPAYUNG,1562.0
471,2020-10-31,CIPAYUNG,1571.0
472,2020-11-01,CIPAYUNG,1578.0
473,2020-11-02,CIPAYUNG,1617.0
474,2020-11-03,CIPAYUNG,1626.0
475,2020-11-04,CIPAYUNG,1651.0
476,2020-11-05,CIPAYUNG,1660.0
477,2020-11-06,CIPAYUNG,1685.0
478,2020-11-07,CIPAYUNG,1710.0
479,2020-11-08,CIPAYUNG,1723.0
480,2020-11-09,CIPAYUNG,1742.0
481,2020-11-10,CIPAYUNG,1759.0
482,2020-11-11,CIPAYUNG,1763.0
483,2020-11-12,CIPAYUNG,1773.0
484,2020-11-13,CIPAYUNG,1799.0
485,2020-11-14,CIPAYUNG,1819.0
486,2020-11-15,CIPAYUNG,1843.0
487,2020-11-16,CIPAYUNG,1854.0
488,2020-11-17,CIPAYUNG,1881.0
489,2020-11-18,CIPAYUNG,1896.0
490,2020-11-19,CIPAYUNG,1914.0
491,2020-11-20,CIPAYUNG,1943.0
492,2020-11-21,CIPAYUNG,1962.0
493,2020-11-22,CIPAYUNG,1991.0
494,2020-11-23,CIPAYUNG,2014.0
495,2020-11-24,CIPAYUNG,2051.0
496,2020-11-25,CIPAYUNG,2088.0
497,2020-11-26,CIPAYUNG,2108.0
498,2020-11-27,CIPAYUNG,2126.0
499,2020-11-28,CIPAYUNG,2162.0
500,2020-11-29,CIPAYUNG,2189.0
501,2020-11-30,CIPAYUNG,2214.0
502,2020-03-25,CIRACAS,3.0
503,2020-03-26,CIRACAS,3.0
504,2020-03-27,CIRACAS,3.0
505,2020-03-28,CIRACAS,3.0
506,2020-03-29,CIRACAS,3.0
507,2020-03-30,CIRACAS,3.0
508,2020-03-31,CIRACAS,3.0
509,2020-04-01,CIRACAS,3.0
510,2020-04-02,CIRACAS,3.0
511,2020-04-03,CIRACAS,5.0
512,2020-04-04,CIRACAS,7.0
513,2020-04-05,CIRACAS,10.0
514,2020-04-06,CIRACAS,10.0
515,2020-04-07,CIRACAS,10.0
516,2020-04-08,CIRACAS,10.0
517,2020-04-09,CIRACAS,12.0
518,2020-04-10,CIRACAS,13.0
519,2020-04-11,CIRACAS,13.0
520,2020-04-12,CIRACAS,13.0
521,2020-04-13,CIRACAS,14.0
522,2020-04-14,CIRACAS,16.0
523,2020-04-15,CIRACAS,16.0
524,2020-04-16,CIRACAS,21.0
525,2020-04-17,CIRACAS,23.0
526,2020-04-18,CIRACAS,23.0
527,2020-04-19,CIRACAS,23.0
528,2020-04-20,CIRACAS,24.0
529,2020-04-21,CIRACAS,27.0
530,2020-04-22,CIRACAS,28.0
531,2020-04-23,CIRACAS,27.0
532,2020-04-24,CIRACAS,28.0
533,2020-04-25,CIRACAS,30.0
534,2020-04-26,CIRACAS,34.0
535,2020-04-27,CIRACAS,35.0
536,2020-04-28,CIRACAS,36.0
537,2020-04-29,CIRACAS,38.0
538,2020-04-30,CIRACAS,39.0
539,2020-05-01,CIRACAS,42.0
540,2020-05-02,CIRACAS,45.0
541,2020-05-03,CIRACAS,46.0
542,2020-05-04,CIRACAS,45.0
543,2020-05-05,CIRACAS,43.0
544,2020-05-06,CIRACAS,42.0
545,2020-05-07,CIRACAS,42.0
546,2020-05-08,CIRACAS,42.0
547,2020-05-09,CIRACAS,42.0
548,2020-05-10,CIRACAS,45.0
549,2020-05-11,CIRACAS,45.0
550,2020-05-12,CIRACAS,45.0
551,2020-05-13,CIRACAS,45.0
552,2020-05-14,CIRACAS,46.0
553,2020-05-15,CIRACAS,46.0
554,2020-05-16,CIRACAS,48.0
555,2020-05-17,CIRACAS,49.0
556,2020-05-18,CIRACAS,48.0
557,2020-05-19,CIRACAS,52.0
558,2020-05-20,CIRACAS,54.0
559,2020-05-21,CIRACAS,55.0
560,2020-05-22,CIRACAS,55.0
561,2020-05-23,CIRACAS,57.0
562,2020-05-24,CIRACAS,58.0
563,2020-05-25,CIRACAS,59.0
564,2020-05-26,CIRACAS,60.0
565,2020-05-27,CIRACAS,60.0
566,2020-05-28,CIRACAS,61.0
567,2020-05-29,CIRACAS,61.0
568,2020-05-30,CIRACAS,62.0
569,2020-05-31,CIRACAS,63.0
570,2020-06-01,CIRACAS,63.0
571,2020-06-02,CIRACAS,62.0
572,2020-06-03,CIRACAS,64.0
573,2020-06-04,CIRACAS,65.0
574,2020-06-05,CIRACAS,65.0
575,2020-06-06,CIRACAS,65.0
576,2020-06-07,CIRACAS,66.0
577,2020-06-08,CIRACAS,63.0
578,2020-06-09,CIRACAS,63.0
579,2020-06-10,CIRACAS,64.0
580,2020-06-11,CIRACAS,66.0
581,2020-06-12,CIRACAS,73.0
582,2020-06-13,CIRACAS,77.0
583,2020-06-14,CIRACAS,79.0
584,2020-06-15,CIRACAS,80.0
585,2020-06-16,CIRACAS,84.0
586,2020-06-17,CIRACAS,85.0
587,2020-06-18,CIRACAS,86.0
588,2020-06-19,CIRACAS,86.0
589,2020-06-20,CIRACAS,88.0
590,2020-06-21,CIRACAS,88.0
591,2020-06-22,CIRACAS,87.0
592,2020-06-23,CIRACAS,87.0
593,2020-06-24,CIRACAS,106.0
594,2020-06-25,CIRACAS,106.0
595,2020-06-26,CIRACAS,112.0
596,2020-06-27,CIRACAS,119.0
597,2020-06-28,CIRACAS,121.0
598,2020-06-29,CIRACAS,121.0
599,2020-06-30,CIRACAS,124.0
600,2020-07-01,CIRACAS,127.0
601,2020-07-02,CIRACAS,127.0
602,2020-07-03,CIRACAS,131.0
603,2020-07-04,CIRACAS,134.0
604,2020-07-05,CIRACAS,135.0
605,2020-07-06,CIRACAS,136.0
606,2020-07-07,CIRACAS,140.0
607,2020-07-08,CIRACAS,143.0
608,2020-07-09,CIRACAS,143.0
609,2020-07-10,CIRACAS,148.0
610,2020-07-11,CIRACAS,149.0
611,2020-07-12,CIRACAS,152.0
612,2020-07-13,CIRACAS,154.0
613,2020-07-14,CIRACAS,164.0
614,2020-07-15,CIRACAS,169.0
615,2020-07-16,CIRACAS,170.0
616,2020-07-17,CIRACAS,172.0
617,2020-07-18,CIRACAS,174.0
618,2020-07-19,CIRACAS,177.0
619,2020-07-20,CIRACAS,179.0
620,2020-07-21,CIRACAS,179.0
621,2020-07-22,CIRACAS,181.0
622,2020-07-23,CIRACAS,182.0
623,2020-07-24,CIRACAS,195.0
624,2020-07-25,CIRACAS,198.0
625,2020-07-26,CIRACAS,198.0
626,2020-07-27,CIRACAS,214.0
627,2020-07-28,CIRACAS,215.0
628,2020-07-29,CIRACAS,218.0
629,2020-07-30,CIRACAS,221.0
630,2020-07-31,CIRACAS,218.0
631,2020-08-01,CIRACAS,216.53417925918328
632,2020-08-02,CIRACAS,215.48281589106531
633,2020-08-03,CIRACAS,214.84597751799447
634,2020-08-04,CIRACAS,214.62373176231893
635,2020-08-05,CIRACAS,214.81614624638706
636,2020-08-06,CIRACAS,215.42328859254718
637,2020-08-07,CIRACAS,216.44522642314757
638,2020-08-08,CIRACAS,217.88202736053645
639,2020-08-09,CIRACAS,219.73375902706218
640,2020-08-10,CIRACAS,222.00048904507304
641,2020-08-11,CIRACAS,224.68228503691734
642,2020-08-12,CIRACAS,227.7792146249434
643,2020-08-13,CIRACAS,231.29134543149945
644,2020-08-14,CIRACAS,235.21874507893378
645,2020-08-15,CIRACAS,239.56148118959473
646,2020-08-16,CIRACAS,244.31962138583066
647,2020-08-17,CIRACAS,249.49323328998972
648,2020-08-18,CIRACAS,255.08238452442026
649,2020-08-19,CIRACAS,261.0871427114706
650,2020-08-20,CIRACAS,267.50757547348906
651,2020-08-21,CIRACAS,274.34375043282387
652,2020-08-22,CIRACAS,281.59573521182335
653,2020-08-23,CIRACAS,289.26359743283575
654,2020-08-24,CIRACAS,297.34740471820953
655,2020-08-25,CIRACAS,305.84722469029276
656,2020-08-26,CIRACAS,314.7631249714339
657,2020-08-27,CIRACAS,324.09517318398116
658,2020-08-28,CIRACAS,333.8434369502829
659,2020-08-29,CIRACAS,344.0079838926873
660,2020-08-30,CIRACAS,354.58888163354277
661,2020-08-31,CIRACAS,365.58619779519756
662,2020-09-01,CIRACAS,377.0
663,2020-09-02,CIRACAS,412.0
664,2020-09-03,CIRACAS,419.0
665,2020-09-04,CIRACAS,432.0
666,2020-09-05,CIRACAS,470.0
667,2020-09-06,CIRACAS,471.0
668,2020-09-07,CIRACAS,486.0
669,2020-09-08,CIRACAS,460.0
670,2020-09-09,CIRACAS,491.0
671,2020-09-10,CIRACAS,525.0
672,2020-09-11,CIRACAS,555.0
673,2020-09-12,CIRACAS,585.0
674,2020-09-13,CIRACAS,632.0
675,2020-09-14,CIRACAS,622.0
676,2020-09-15,CIRACAS,630.0
677,2020-09-16,CIRACAS,636.0
678,2020-09-17,CIRACAS,654.0
679,2020-09-18,CIRACAS,667.0
680,2020-09-19,CIRACAS,696.0
681,2020-09-20,CIRACAS,723.0
682,2020-09-21,CIRACAS,731.0
683,2020-09-22,CIRACAS,739.0
684,2020-09-23,CIRACAS,766.0
685,2020-09-24,CIRACAS,771.0
686,2020-09-25,CIRACAS,795.0
687,2020-09-26,CIRACAS,822.0
688,2020-09-27,CIRACAS,848.0
689,2020-09-28,CIRACAS,905.0
690,2020-09-29,CIRACAS,919.0
691,2020-09-30,CIRACAS,933.0
692,2020-10-01,CIRACAS,959.0
693,2020-10-02,CIRACAS,970.0
694,2020-10-03,CIRACAS,994.0
695,2020-10-04,CIRACAS,1008.0
696,2020-10-05,CIRACAS,1030.0
697,2020-10-06,CIRACAS,1047.0
698,2020-10-07,CIRACAS,1082.0
699,2020-10-08,CIRACAS,1094.0
700,2020-10-09,CIRACAS,1116.0
701,2020-10-10,CIRACAS,1134.0
702,2020-10-11,CIRACAS,1155.0
703,2020-10-12,CIRACAS,1176.0
704,2020-10-13,CIRACAS,1195.0
705,2020-10-14,CIRACAS,1214.0
706,2020-10-15,CIRACAS,1233.0
707,2020-10-16,CIRACAS,1255.0
708,2020-10-17,CIRACAS,1273.0
709,2020-10-18,CIRACAS,1295.0
710,2020-10-19,CIRACAS,1310.0
711,2020-10-20,CIRACAS,1334.0
712,2020-10-21,CIRACAS,1348.0
713,2020-10-22,CIRACAS,1373.0
714,2020-10-23,CIRACAS,1392.0
715,2020-10-24,CIRACAS,1397.0
716,2020-10-25,CIRACAS,1425.0
717,2020-10-26,CIRACAS,1431.0
718,2020-10-27,CIRACAS,1440.0
719,2020-10-28,CIRACAS,1455.0
720,2020-10-29,CIRACAS,1458.0
721,2020-10-30,CIRACAS,1465.0
722,2020-10-31,CIRACAS,1489.0
723,2020-11-01,CIRACAS,1495.0
724,2020-11-02,CIRACAS,1507.0
725,2020-11-03,CIRACAS,1523.0
726,2020-11-04,CIRACAS,1561.0
727,2020-11-05,CIRACAS,1575.0
728,2020-11-06,CIRACAS,1588.0
729,2020-11-07,CIRACAS,1611.0
730,2020-11-08,CIRACAS,1623.0
731,2020-11-09,CIRACAS,1642.0
732,2020-11-10,CIRACAS,1655.0
733,2020-11-11,CIRACAS,1677.0
734,2020-11-12,CIRACAS,1691.0
735,2020-11-13,CIRACAS,1719.0
736,2020-11-14,CIRACAS,1737.0
737,2020-11-15,CIRACAS,1770.0
738,2020-11-16,CIRACAS,1792.0
739,2020-11-17,CIRACAS,1799.0
740,2020-11-18,CIRACAS,1829.0
741,2020-11-19,CIRACAS,1848.0
742,2020-11-20,CIRACAS,1893.0
743,2020-11-21,CIRACAS,1926.0
744,2020-11-22,CIRACAS,1939.0
745,2020-11-23,CIRACAS,1948.0
746,2020-11-24,CIRACAS,1969.0
747,2020-11-25,CIRACAS,2002.0
748,2020-11-26,CIRACAS,2025.0
749,2020-11-27,CIRACAS,2055.0
750,2020-11-28,CIRACAS,2099.0
751,2020-11-29,CIRACAS,2135.0
752,2020-11-30,CIRACAS,2147.0
753,2020-03-25,DUREN SAWIT,11.0
754,2020-03-26,DUREN SAWIT,13.0
755,2020-03-27,DUREN SAWIT,14.0
756,2020-03-28,DUREN SAWIT,16.0
757,2020-03-29,DUREN SAWIT,17.0
758,2020-03-30,DUREN SAWIT,19.0
759,2020-03-31,DUREN SAWIT,26.0
760,2020-04-01,DUREN SAWIT,29.0
761,2020-04-02,DUREN SAWIT,30.0
762,2020-04-03,DUREN SAWIT,34.0
763,2020-04-04,DUREN SAWIT,35.0
764,2020-04-05,DUREN SAWIT,46.0
765,2020-04-06,DUREN SAWIT,48.0
766,2020-04-07,DUREN SAWIT,48.0
767,2020-04-08,DUREN SAWIT,52.0
768,2020-04-09,DUREN SAWIT,61.0
769,2020-04-10,DUREN SAWIT,61.0
770,2020-04-11,DUREN SAWIT,65.0
771,2020-04-12,DUREN SAWIT,67.0
772,2020-04-13,DUREN SAWIT,68.0
773,2020-04-14,DUREN SAWIT,71.0
774,2020-04-15,DUREN SAWIT,74.0
775,2020-04-16,DUREN SAWIT,80.0
776,2020-04-17,DUREN SAWIT,82.0
777,2020-04-18,DUREN SAWIT,87.0
778,2020-04-19,DUREN SAWIT,91.0
779,2020-04-20,DUREN SAWIT,95.0
780,2020-04-21,DUREN SAWIT,100.0
781,2020-04-22,DUREN SAWIT,112.0
782,2020-04-23,DUREN SAWIT,117.0
783,2020-04-24,DUREN SAWIT,119.0
784,2020-04-25,DUREN SAWIT,120.0
785,2020-04-26,DUREN SAWIT,125.0
786,2020-04-27,DUREN SAWIT,126.0
787,2020-04-28,DUREN SAWIT,129.0
788,2020-04-29,DUREN SAWIT,133.0
789,2020-04-30,DUREN SAWIT,135.0
790,2020-05-01,DUREN SAWIT,141.0
791,2020-05-02,DUREN SAWIT,142.0
792,2020-05-03,DUREN SAWIT,148.0
793,2020-05-04,DUREN SAWIT,153.0
794,2020-05-05,DUREN SAWIT,153.0
795,2020-05-06,DUREN SAWIT,154.0
796,2020-05-07,DUREN SAWIT,153.0
797,2020-05-08,DUREN SAWIT,153.0
798,2020-05-09,DUREN SAWIT,158.0
799,2020-05-10,DUREN SAWIT,162.0
800,2020-05-11,DUREN SAWIT,163.0
801,2020-05-12,DUREN SAWIT,172.0
802,2020-05-13,DUREN SAWIT,175.0
803,2020-05-14,DUREN SAWIT,186.0
804,2020-05-15,DUREN SAWIT,188.0
805,2020-05-16,DUREN SAWIT,195.0
806,2020-05-17,DUREN SAWIT,197.0
807,2020-05-18,DUREN SAWIT,223.0
808,2020-05-19,DUREN SAWIT,224.0
809,2020-05-20,DUREN SAWIT,231.0
810,2020-05-21,DUREN SAWIT,234.0
811,2020-05-22,DUREN SAWIT,236.0
812,2020-05-23,DUREN SAWIT,241.0
813,2020-05-24,DUREN SAWIT,242.0
814,2020-05-25,DUREN SAWIT,243.0
815,2020-05-26,DUREN SAWIT,243.0
816,2020-05-27,DUREN SAWIT,246.0
817,2020-05-28,DUREN SAWIT,247.0
818,2020-05-29,DUREN SAWIT,247.0
819,2020-05-30,DUREN SAWIT,251.0
820,2020-05-31,DUREN SAWIT,252.0
821,2020-06-01,DUREN SAWIT,255.0
822,2020-06-02,DUREN SAWIT,265.0
823,2020-06-03,DUREN SAWIT,269.0
824,2020-06-04,DUREN SAWIT,279.0
825,2020-06-05,DUREN SAWIT,277.0
826,2020-06-06,DUREN SAWIT,278.0
827,2020-06-07,DUREN SAWIT,279.0
828,2020-06-08,DUREN SAWIT,282.0
829,2020-06-09,DUREN SAWIT,281.0
830,2020-06-10,DUREN SAWIT,285.0
831,2020-06-11,DUREN SAWIT,291.0
832,2020-06-12,DUREN SAWIT,293.0
833,2020-06-13,DUREN SAWIT,304.0
834,2020-06-14,DUREN SAWIT,304.0
835,2020-06-15,DUREN SAWIT,304.0
836,2020-06-16,DUREN SAWIT,305.0
837,2020-06-17,DUREN SAWIT,307.0
838,2020-06-18,DUREN SAWIT,309.0
839,2020-06-19,DUREN SAWIT,313.0
840,2020-06-20,DUREN SAWIT,315.0
841,2020-06-21,DUREN SAWIT,315.0
842,2020-06-22,DUREN SAWIT,315.0
843,2020-06-23,DUREN SAWIT,316.0
844,2020-06-24,DUREN SAWIT,321.0
845,2020-06-25,DUREN SAWIT,323.0
846,2020-06-26,DUREN SAWIT,335.0
847,2020-06-27,DUREN SAWIT,336.0
848,2020-06-28,DUREN SAWIT,337.0
849,2020-06-29,DUREN SAWIT,338.0
850,2020-06-30,DUREN SAWIT,341.0
851,2020-07-01,DUREN SAWIT,345.0
852,2020-07-02,DUREN SAWIT,349.0
853,2020-07-03,DUREN SAWIT,349.0
854,2020-07-04,DUREN SAWIT,354.0
855,2020-07-05,DUREN SAWIT,356.0
856,2020-07-06,DUREN SAWIT,358.0
857,2020-07-07,DUREN SAWIT,360.0
858,2020-07-08,DUREN SAWIT,360.0
859,2020-07-09,DUREN SAWIT,366.0
860,2020-07-10,DUREN SAWIT,368.0
861,2020-07-11,DUREN SAWIT,368.0
862,2020-07-12,DUREN SAWIT,371.0
863,2020-07-13,DUREN SAWIT,381.0
864,2020-07-14,DUREN SAWIT,403.0
865,2020-07-15,DUREN SAWIT,412.0
866,2020-07-16,DUREN SAWIT,415.0
867,2020-07-17,DUREN SAWIT,423.0
868,2020-07-18,DUREN SAWIT,426.0
869,2020-07-19,DUREN SAWIT,432.0
870,2020-07-20,DUREN SAWIT,452.0
871,2020-07-21,DUREN SAWIT,453.0
872,2020-07-22,DUREN SAWIT,456.0
873,2020-07-23,DUREN SAWIT,459.0
874,2020-07-24,DUREN SAWIT,461.0
875,2020-07-25,DUREN SAWIT,463.0
876,2020-07-26,DUREN SAWIT,463.0
877,2020-07-27,DUREN SAWIT,464.0
878,2020-07-28,DUREN SAWIT,465.0
879,2020-07-29,DUREN SAWIT,493.0
880,2020-07-30,DUREN SAWIT,501.0
881,2020-07-31,DUREN SAWIT,493.0
882,2020-08-01,DUREN SAWIT,490.00765430576615
883,2020-08-02,DUREN SAWIT,488.08217986221825
884,2020-08-03,DUREN SAWIT,487.21421919392805
885,2020-08-04,DUREN SAWIT,487.3944148254671
886,2020-08-05,DUREN SAWIT,488.61340928140703
887,2020-08-06,DUREN SAWIT,490.8618450863194
888,2020-08-07,DUREN SAWIT,494.13036476477595
889,2020-08-08,DUREN SAWIT,498.40961084134824
890,2020-08-09,DUREN SAWIT,503.69022584060775
891,2020-08-10,DUREN SAWIT,509.96285228712634
892,2020-08-11,DUREN SAWIT,517.2181327054755
893,2020-08-12,DUREN SAWIT,525.4467096202267
894,2020-08-13,DUREN SAWIT,534.6392255559518
895,2020-08-14,DUREN SAWIT,544.7863230372224
896,2020-08-15,DUREN SAWIT,555.8786445886099
897,2020-08-16,DUREN SAWIT,567.9068327346861
898,2020-08-17,DUREN SAWIT,580.8615300000225
899,2020-08-18,DUREN SAWIT,594.7333789091908
900,2020-08-19,DUREN SAWIT,609.5130219867629
901,2020-08-20,DUREN SAWIT,625.1911017573096
902,2020-08-21,DUREN SAWIT,641.7582607454034
903,2020-08-22,DUREN SAWIT,659.2051414756154
904,2020-08-23,DUREN SAWIT,677.5223864725174
905,2020-08-24,DUREN SAWIT,696.7006382606809
906,2020-08-25,DUREN SAWIT,716.7305393646776
907,2020-08-26,DUREN SAWIT,737.6027323090792
908,2020-08-27,DUREN SAWIT,759.3078596184573
909,2020-08-28,DUREN SAWIT,781.8365638173832
910,2020-08-29,DUREN SAWIT,805.1794874304289
911,2020-08-30,DUREN SAWIT,829.3272729821658
912,2020-08-31,DUREN SAWIT,854.2705629971657
913,2020-09-01,DUREN SAWIT,880.0
914,2020-09-02,DUREN SAWIT,948.0
915,2020-09-03,DUREN SAWIT,956.0
916,2020-09-04,DUREN SAWIT,971.0
917,2020-09-05,DUREN SAWIT,981.0
918,2020-09-06,DUREN SAWIT,1014.0
919,2020-09-07,DUREN SAWIT,1044.0
920,2020-09-08,DUREN SAWIT,1069.0
921,2020-09-09,DUREN SAWIT,1099.0
922,2020-09-10,DUREN SAWIT,1126.0
923,2020-09-11,DUREN SAWIT,1189.0
924,2020-09-12,DUREN SAWIT,1218.0
925,2020-09-13,DUREN SAWIT,1255.0
926,2020-09-14,DUREN SAWIT,1278.0
927,2020-09-15,DUREN SAWIT,1304.0
928,2020-09-16,DUREN SAWIT,1324.0
929,2020-09-17,DUREN SAWIT,1362.0
930,2020-09-18,DUREN SAWIT,1425.0
931,2020-09-19,DUREN SAWIT,1443.0
932,2020-09-20,DUREN SAWIT,1481.0
933,2020-09-21,DUREN SAWIT,1500.0
934,2020-09-22,DUREN SAWIT,1510.0
935,2020-09-23,DUREN SAWIT,1553.0
936,2020-09-24,DUREN SAWIT,1584.0
937,2020-09-25,DUREN SAWIT,1650.0
938,2020-09-26,DUREN SAWIT,1667.0
939,2020-09-27,DUREN SAWIT,1710.0
940,2020-09-28,DUREN SAWIT,1754.0
941,2020-09-29,DUREN SAWIT,1791.0
942,2020-09-30,DUREN SAWIT,1811.0
943,2020-10-01,DUREN SAWIT,1878.0
944,2020-10-02,DUREN SAWIT,1898.0
945,2020-10-03,DUREN SAWIT,1936.0
946,2020-10-04,DUREN SAWIT,1958.0
947,2020-10-05,DUREN SAWIT,1988.0
948,2020-10-06,DUREN SAWIT,2007.0
949,2020-10-07,DUREN SAWIT,2054.0
950,2020-10-08,DUREN SAWIT,2087.0
951,2020-10-09,DUREN SAWIT,2119.0
952,2020-10-10,DUREN SAWIT,2152.0
953,2020-10-11,DUREN SAWIT,2188.0
954,2020-10-12,DUREN SAWIT,2224.0
955,2020-10-13,DUREN SAWIT,2245.0
956,2020-10-14,DUREN SAWIT,2274.0
957,2020-10-15,DUREN SAWIT,2292.0
958,2020-10-16,DUREN SAWIT,2328.0
959,2020-10-17,DUREN SAWIT,2346.0
960,2020-10-18,DUREN SAWIT,2361.0
961,2020-10-19,DUREN SAWIT,2391.0
962,2020-10-20,DUREN SAWIT,2411.0
963,2020-10-21,DUREN SAWIT,2423.0
964,2020-10-22,DUREN SAWIT,2436.0
965,2020-10-23,DUREN SAWIT,2480.0
966,2020-10-24,DUREN SAWIT,2496.0
967,2020-10-25,DUREN SAWIT,2557.0
968,2020-10-26,DUREN SAWIT,2578.0
969,2020-10-27,DUREN SAWIT,2603.0
970,2020-10-28,DUREN SAWIT,2632.0
971,2020-10-29,DUREN SAWIT,2650.0
972,2020-10-30,DUREN SAWIT,2663.0
973,2020-10-31,DUREN SAWIT,2715.0
974,2020-11-01,DUREN SAWIT,2742.0
975,2020-11-02,DUREN SAWIT,2753.0
976,2020-11-03,DUREN SAWIT,2771.0
977,2020-11-04,DUREN SAWIT,2803.0
978,2020-11-05,DUREN SAWIT,2822.0
979,2020-11-06,DUREN SAWIT,2848.0
980,2020-11-07,DUREN SAWIT,2872.0
981,2020-11-08,DUREN SAWIT,2902.0
982,2020-11-09,DUREN SAWIT,2932.0
983,2020-11-10,DUREN SAWIT,2975.0
984,2020-11-11,DUREN SAWIT,2990.0
985,2020-11-12,DUREN SAWIT,3008.0
986,2020-11-13,DUREN SAWIT,3048.0
987,2020-11-14,DUREN SAWIT,3087.0
988,2020-11-15,DUREN SAWIT,3127.0
989,2020-11-16,DUREN SAWIT,3143.0
990,2020-11-17,DUREN SAWIT,3201.0
991,2020-11-18,DUREN SAWIT,3235.0
992,2020-11-19,DUREN SAWIT,3265.0
993,2020-11-20,DUREN SAWIT,3317.0
994,2020-11-21,DUREN SAWIT,3364.0
995,2020-11-22,DUREN SAWIT,3400.0
996,2020-11-23,DUREN SAWIT,3412.0
997,2020-11-24,DUREN SAWIT,3449.0
998,2020-11-25,DUREN SAWIT,3508.0
999,2020-11-26,DUREN SAWIT,3536.0
1000,2020-11-27,DUREN SAWIT,3587.0
1001,2020-11-28,DUREN SAWIT,3641.0
1002,2020-11-29,DUREN SAWIT,3697.0
1003,2020-11-30,DUREN SAWIT,3719.0
1004,2020-03-25,JATINEGARA,2.0
1005,2020-03-26,JATINEGARA,5.0
1006,2020-03-27,JATINEGARA,6.0
1007,2020-03-28,JATINEGARA,7.0
1008,2020-03-29,JATINEGARA,9.0
1009,2020-03-30,JATINEGARA,9.0
1010,2020-03-31,JATINEGARA,11.0
1011,2020-04-01,JATINEGARA,12.0
1012,2020-04-02,JATINEGARA,12.0
1013,2020-04-03,JATINEGARA,13.0
1014,2020-04-04,JATINEGARA,16.0
1015,2020-04-05,JATINEGARA,18.0
1016,2020-04-06,JATINEGARA,22.0
1017,2020-04-07,JATINEGARA,24.0
1018,2020-04-08,JATINEGARA,26.0
1019,2020-04-09,JATINEGARA,26.0
1020,2020-04-10,JATINEGARA,28.0
1021,2020-04-11,JATINEGARA,30.0
1022,2020-04-12,JATINEGARA,32.0
1023,2020-04-13,JATINEGARA,41.0
1024,2020-04-14,JATINEGARA,45.0
1025,2020-04-15,JATINEGARA,44.0
1026,2020-04-16,JATINEGARA,45.0
1027,2020-04-17,JATINEGARA,46.0
1028,2020-04-18,JATINEGARA,47.0
1029,2020-04-19,JATINEGARA,50.0
1030,2020-04-20,JATINEGARA,53.0
1031,2020-04-21,JATINEGARA,56.0
1032,2020-04-22,JATINEGARA,58.0
1033,2020-04-23,JATINEGARA,61.0
1034,2020-04-24,JATINEGARA,67.0
1035,2020-04-25,JATINEGARA,66.0
1036,2020-04-26,JATINEGARA,68.0
1037,2020-04-27,JATINEGARA,70.0
1038,2020-04-28,JATINEGARA,71.0
1039,2020-04-29,JATINEGARA,70.0
1040,2020-04-30,JATINEGARA,72.0
1041,2020-05-01,JATINEGARA,75.0
1042,2020-05-02,JATINEGARA,79.0
1043,2020-05-03,JATINEGARA,81.0
1044,2020-05-04,JATINEGARA,83.0
1045,2020-05-05,JATINEGARA,83.0
1046,2020-05-06,JATINEGARA,84.0
1047,2020-05-07,JATINEGARA,87.0
1048,2020-05-08,JATINEGARA,91.0
1049,2020-05-09,JATINEGARA,93.0
1050,2020-05-10,JATINEGARA,104.0
1051,2020-05-11,JATINEGARA,104.0
1052,2020-05-12,JATINEGARA,108.0
1053,2020-05-13,JATINEGARA,111.0
1054,2020-05-14,JATINEGARA,114.0
1055,2020-05-15,JATINEGARA,113.0
1056,2020-05-16,JATINEGARA,120.0
1057,2020-05-17,JATINEGARA,123.0
1058,2020-05-18,JATINEGARA,125.0
1059,2020-05-19,JATINEGARA,125.0
1060,2020-05-20,JATINEGARA,129.0
1061,2020-05-21,JATINEGARA,131.0
1062,2020-05-22,JATINEGARA,131.0
1063,2020-05-23,JATINEGARA,132.0
1064,2020-05-24,JATINEGARA,132.0
1065,2020-05-25,JATINEGARA,132.0
1066,2020-05-26,JATINEGARA,136.0
1067,2020-05-27,JATINEGARA,142.0
1068,2020-05-28,JATINEGARA,142.0
1069,2020-05-29,JATINEGARA,145.0
1070,2020-05-30,JATINEGARA,146.0
1071,2020-05-31,JATINEGARA,147.0
1072,2020-06-01,JATINEGARA,148.0
1073,2020-06-02,JATINEGARA,150.0
1074,2020-06-03,JATINEGARA,150.0
1075,2020-06-04,JATINEGARA,145.0
1076,2020-06-05,JATINEGARA,148.0
1077,2020-06-06,JATINEGARA,149.0
1078,2020-06-07,JATINEGARA,164.0
1079,2020-06-08,JATINEGARA,164.0
1080,2020-06-09,JATINEGARA,162.0
1081,2020-06-10,JATINEGARA,161.0
1082,2020-06-11,JATINEGARA,167.0
1083,2020-06-12,JATINEGARA,172.0
1084,2020-06-13,JATINEGARA,173.0
1085,2020-06-14,JATINEGARA,174.0
1086,2020-06-15,JATINEGARA,176.0
1087,2020-06-16,JATINEGARA,178.0
1088,2020-06-17,JATINEGARA,183.0
1089,2020-06-18,JATINEGARA,185.0
1090,2020-06-19,JATINEGARA,188.0
1091,2020-06-20,JATINEGARA,188.0
1092,2020-06-21,JATINEGARA,188.0
1093,2020-06-22,JATINEGARA,192.0
1094,2020-06-23,JATINEGARA,202.0
1095,2020-06-24,JATINEGARA,202.0
1096,2020-06-25,JATINEGARA,202.0
1097,2020-06-26,JATINEGARA,203.0
1098,2020-06-27,JATINEGARA,204.0
1099,2020-06-28,JATINEGARA,204.0
1100,2020-06-29,JATINEGARA,205.0
1101,2020-06-30,JATINEGARA,207.0
1102,2020-07-01,JATINEGARA,208.0
1103,2020-07-02,JATINEGARA,209.0
1104,2020-07-03,JATINEGARA,217.0
1105,2020-07-04,JATINEGARA,222.0
1106,2020-07-05,JATINEGARA,222.0
1107,2020-07-06,JATINEGARA,222.0
1108,2020-07-07,JATINEGARA,225.0
1109,2020-07-08,JATINEGARA,232.0
1110,2020-07-09,JATINEGARA,232.0
1111,2020-07-10,JATINEGARA,233.0
1112,2020-07-11,JATINEGARA,234.0
1113,2020-07-12,JATINEGARA,236.0
1114,2020-07-13,JATINEGARA,240.0
1115,2020-07-14,JATINEGARA,244.0
1116,2020-07-15,JATINEGARA,253.0
1117,2020-07-16,JATINEGARA,253.0
1118,2020-07-17,JATINEGARA,263.0
1119,2020-07-18,JATINEGARA,266.0
1120,2020-07-19,JATINEGARA,276.0
1121,2020-07-20,JATINEGARA,281.0
1122,2020-07-21,JATINEGARA,291.0
1123,2020-07-22,JATINEGARA,297.0
1124,2020-07-23,JATINEGARA,301.0
1125,2020-07-24,JATINEGARA,304.0
1126,2020-07-25,JATINEGARA,310.0
1127,2020-07-26,JATINEGARA,310.0
1128,2020-07-27,JATINEGARA,314.0
1129,2020-07-28,JATINEGARA,315.0
1130,2020-07-29,JATINEGARA,317.0
1131,2020-07-30,JATINEGARA,322.0
1132,2020-07-31,JATINEGARA,317.0
1133,2020-08-01,JATINEGARA,321.6244197774425
1134,2020-08-02,JATINEGARA,326.41185014347366
1135,2020-08-03,JATINEGARA,331.35950184712186
1136,2020-08-04,JATINEGARA,336.46458563741595
1137,2020-08-05,JATINEGARA,341.72431226338443
1138,2020-08-06,JATINEGARA,347.1358924740559
1139,2020-08-07,JATINEGARA,352.6965370184591
1140,2020-08-08,JATINEGARA,358.4034566456224
1141,2020-08-09,JATINEGARA,364.25386210457464
1142,2020-08-10,JATINEGARA,370.24496414434435
1143,2020-08-11,JATINEGARA,376.3739735139601
1144,2020-08-12,JATINEGARA,382.6381009624505
1145,2020-08-13,JATINEGARA,389.03455723884423
1146,2020-08-14,JATINEGARA,395.5605530921698
1147,2020-08-15,JATINEGARA,402.21329927145587
1148,2020-08-16,JATINEGARA,408.99000652573113
1149,2020-08-17,JATINEGARA,415.88788560402406
1150,2020-08-18,JATINEGARA,422.90414725536334
1151,2020-08-19,JATINEGARA,430.0360022287776
1152,2020-08-20,JATINEGARA,437.2806612732953
1153,2020-08-21,JATINEGARA,444.63533513794533
1154,2020-08-22,JATINEGARA,452.097234571756
1155,2020-08-23,JATINEGARA,459.6635703237562
1156,2020-08-24,JATINEGARA,467.3315531429742
1157,2020-08-25,JATINEGARA,475.09839377843895
1158,2020-08-26,JATINEGARA,482.96130297917887
1159,2020-08-27,JATINEGARA,490.9174914942226
1160,2020-08-28,JATINEGARA,498.9641700725988
1161,2020-08-29,JATINEGARA,507.09854946333604
1162,2020-08-30,JATINEGARA,515.3178404154629
1163,2020-08-31,JATINEGARA,523.619253678008
1164,2020-09-01,JATINEGARA,532.0
1165,2020-09-02,JATINEGARA,541.0
1166,2020-09-03,JATINEGARA,546.0
1167,2020-09-04,JATINEGARA,564.0
1168,2020-09-05,JATINEGARA,613.0
1169,2020-09-06,JATINEGARA,622.0
1170,2020-09-07,JATINEGARA,643.0
1171,2020-09-08,JATINEGARA,609.0
1172,2020-09-09,JATINEGARA,630.0
1173,2020-09-10,JATINEGARA,652.0
1174,2020-09-11,JATINEGARA,698.0
1175,2020-09-12,JATINEGARA,733.0
1176,2020-09-13,JATINEGARA,783.0
1177,2020-09-14,JATINEGARA,751.0
1178,2020-09-15,JATINEGARA,755.0
1179,2020-09-16,JATINEGARA,802.0
1180,2020-09-17,JATINEGARA,819.0
1181,2020-09-18,JATINEGARA,855.0
1182,2020-09-19,JATINEGARA,875.0
1183,2020-09-20,JATINEGARA,920.0
1184,2020-09-21,JATINEGARA,927.0
1185,2020-09-22,JATINEGARA,931.0
1186,2020-09-23,JATINEGARA,983.0
1187,2020-09-24,JATINEGARA,1000.0
1188,2020-09-25,JATINEGARA,1042.0
1189,2020-09-26,JATINEGARA,1077.0
1190,2020-09-27,JATINEGARA,1105.0
1191,2020-09-28,JATINEGARA,1118.0
1192,2020-09-29,JATINEGARA,1157.0
1193,2020-09-30,JATINEGARA,1177.0
1194,2020-10-01,JATINEGARA,1198.0
1195,2020-10-02,JATINEGARA,1204.0
1196,2020-10-03,JATINEGARA,1222.0
1197,2020-10-04,JATINEGARA,1243.0
1198,2020-10-05,JATINEGARA,1259.0
1199,2020-10-06,JATINEGARA,1276.0
1200,2020-10-07,JATINEGARA,1293.0
1201,2020-10-08,JATINEGARA,1327.0
1202,2020-10-09,JATINEGARA,1352.0
1203,2020-10-10,JATINEGARA,1383.0
1204,2020-10-11,JATINEGARA,1425.0
1205,2020-10-12,JATINEGARA,1437.0
1206,2020-10-13,JATINEGARA,1453.0
1207,2020-10-14,JATINEGARA,1481.0
1208,2020-10-15,JATINEGARA,1497.0
1209,2020-10-16,JATINEGARA,1515.0
1210,2020-10-17,JATINEGARA,1554.0
1211,2020-10-18,JATINEGARA,1577.0
1212,2020-10-19,JATINEGARA,1587.0
1213,2020-10-20,JATINEGARA,1595.0
1214,2020-10-21,JATINEGARA,1703.0
1215,2020-10-22,JATINEGARA,1757.0
1216,2020-10-23,JATINEGARA,1768.0
1217,2020-10-24,JATINEGARA,1784.0
1218,2020-10-25,JATINEGARA,1869.0
1219,2020-10-26,JATINEGARA,1883.0
1220,2020-10-27,JATINEGARA,1890.0
1221,2020-10-28,JATINEGARA,1910.0
1222,2020-10-29,JATINEGARA,1962.0
1223,2020-10-30,JATINEGARA,1975.0
1224,2020-10-31,JATINEGARA,1990.0
1225,2020-11-01,JATINEGARA,2007.0
1226,2020-11-02,JATINEGARA,2019.0
1227,2020-11-03,JATINEGARA,2038.0
1228,2020-11-04,JATINEGARA,2078.0
1229,2020-11-05,JATINEGARA,2112.0
1230,2020-11-06,JATINEGARA,2184.0
1231,2020-11-07,JATINEGARA,2219.0
1232,2020-11-08,JATINEGARA,2251.0
1233,2020-11-09,JATINEGARA,2264.0
1234,2020-11-10,JATINEGARA,2289.0
1235,2020-11-11,JATINEGARA,2324.0
1236,2020-11-12,JATINEGARA,2353.0
1237,2020-11-13,JATINEGARA,2390.0
1238,2020-11-14,JATINEGARA,2404.0
1239,2020-11-15,JATINEGARA,2447.0
1240,2020-11-16,JATINEGARA,2465.0
1241,2020-11-17,JATINEGARA,2520.0
1242,2020-11-18,JATINEGARA,2559.0
1243,2020-11-19,JATINEGARA,2573.0
1244,2020-11-20,JATINEGARA,2619.0
1245,2020-11-21,JATINEGARA,2672.0
1246,2020-11-22,JATINEGARA,2707.0
1247,2020-11-23,JATINEGARA,2725.0
1248,2020-11-24,JATINEGARA,2739.0
1249,2020-11-25,JATINEGARA,2786.0
1250,2020-11-26,JATINEGARA,2814.0
1251,2020-11-27,JATINEGARA,2856.0
1252,2020-11-28,JATINEGARA,2865.0
1253,2020-11-29,JATINEGARA,2888.0
1254,2020-11-30,JATINEGARA,2930.0
1255,2020-03-25,KRAMAT JATI,7.0
1256,2020-03-26,KRAMAT JATI,10.0
1257,2020-03-27,KRAMAT JATI,10.0
1258,2020-03-28,KRAMAT JATI,11.0
1259,2020-03-29,KRAMAT JATI,11.0
1260,2020-03-30,KRAMAT JATI,12.0
1261,2020-03-31,KRAMAT JATI,15.0
1262,2020-04-01,KRAMAT JATI,15.0
1263,2020-04-02,KRAMAT JATI,15.0
1264,2020-04-03,KRAMAT JATI,15.0
1265,2020-04-04,KRAMAT JATI,16.0
1266,2020-04-05,KRAMAT JATI,17.0
1267,2020-04-06,KRAMAT JATI,16.0
1268,2020-04-07,KRAMAT JATI,17.0
1269,2020-04-08,KRAMAT JATI,17.0
1270,2020-04-09,KRAMAT JATI,20.0
1271,2020-04-10,KRAMAT JATI,27.0
1272,2020-04-11,KRAMAT JATI,30.0
1273,2020-04-12,KRAMAT JATI,31.0
1274,2020-04-13,KRAMAT JATI,33.0
1275,2020-04-14,KRAMAT JATI,40.0
1276,2020-04-15,KRAMAT JATI,41.0
1277,2020-04-16,KRAMAT JATI,43.0
1278,2020-04-17,KRAMAT JATI,43.0
1279,2020-04-18,KRAMAT JATI,45.0
1280,2020-04-19,KRAMAT JATI,49.0
1281,2020-04-20,KRAMAT JATI,52.0
1282,2020-04-21,KRAMAT JATI,57.0
1283,2020-04-22,KRAMAT JATI,57.0
1284,2020-04-23,KRAMAT JATI,59.0
1285,2020-04-24,KRAMAT JATI,63.0
1286,2020-04-25,KRAMAT JATI,65.0
1287,2020-04-26,KRAMAT JATI,66.0
1288,2020-04-27,KRAMAT JATI,68.0
1289,2020-04-28,KRAMAT JATI,68.0
1290,2020-04-29,KRAMAT JATI,70.0
1291,2020-04-30,KRAMAT JATI,71.0
1292,2020-05-01,KRAMAT JATI,74.0
1293,2020-05-02,KRAMAT JATI,76.0
1294,2020-05-03,KRAMAT JATI,80.0
1295,2020-05-04,KRAMAT JATI,84.0
1296,2020-05-05,KRAMAT JATI,85.0
1297,2020-05-06,KRAMAT JATI,86.0
1298,2020-05-07,KRAMAT JATI,87.0
1299,2020-05-08,KRAMAT JATI,89.0
1300,2020-05-09,KRAMAT JATI,91.0
1301,2020-05-10,KRAMAT JATI,94.0
1302,2020-05-11,KRAMAT JATI,95.0
1303,2020-05-12,KRAMAT JATI,99.0
1304,2020-05-13,KRAMAT JATI,99.0
1305,2020-05-14,KRAMAT JATI,101.0
1306,2020-05-15,KRAMAT JATI,102.0
1307,2020-05-16,KRAMAT JATI,103.0
1308,2020-05-17,KRAMAT JATI,104.0
1309,2020-05-18,KRAMAT JATI,112.0
1310,2020-05-19,KRAMAT JATI,115.0
1311,2020-05-20,KRAMAT JATI,117.0
1312,2020-05-21,KRAMAT JATI,118.0
1313,2020-05-22,KRAMAT JATI,118.0
1314,2020-05-23,KRAMAT JATI,119.0
1315,2020-05-24,KRAMAT JATI,120.0
1316,2020-05-25,KRAMAT JATI,125.0
1317,2020-05-26,KRAMAT JATI,126.0
1318,2020-05-27,KRAMAT JATI,129.0
1319,2020-05-28,KRAMAT JATI,133.0
1320,2020-05-29,KRAMAT JATI,143.0
1321,2020-05-30,KRAMAT JATI,145.0
1322,2020-05-31,KRAMAT JATI,148.0
1323,2020-06-01,KRAMAT JATI,148.0
1324,2020-06-02,KRAMAT JATI,150.0
1325,2020-06-03,KRAMAT JATI,152.0
1326,2020-06-04,KRAMAT JATI,155.0
1327,2020-06-05,KRAMAT JATI,158.0
1328,2020-06-06,KRAMAT JATI,161.0
1329,2020-06-07,KRAMAT JATI,162.0
1330,2020-06-08,KRAMAT JATI,166.0
1331,2020-06-09,KRAMAT JATI,167.0
1332,2020-06-10,KRAMAT JATI,170.0
1333,2020-06-11,KRAMAT JATI,173.0
1334,2020-06-12,KRAMAT JATI,174.0
1335,2020-06-13,KRAMAT JATI,174.0
1336,2020-06-14,KRAMAT JATI,174.0
1337,2020-06-15,KRAMAT JATI,167.0
1338,2020-06-16,KRAMAT JATI,168.0
1339,2020-06-17,KRAMAT JATI,170.0
1340,2020-06-18,KRAMAT JATI,175.0
1341,2020-06-19,KRAMAT JATI,177.0
1342,2020-06-20,KRAMAT JATI,178.0
1343,2020-06-21,KRAMAT JATI,178.0
1344,2020-06-22,KRAMAT JATI,183.0
1345,2020-06-23,KRAMAT JATI,184.0
1346,2020-06-24,KRAMAT JATI,187.0
1347,2020-06-25,KRAMAT JATI,187.0
1348,2020-06-26,KRAMAT JATI,195.0
1349,2020-06-27,KRAMAT JATI,194.0
1350,2020-06-28,KRAMAT JATI,194.0
1351,2020-06-29,KRAMAT JATI,194.0
1352,2020-06-30,KRAMAT JATI,194.0
1353,2020-07-01,KRAMAT JATI,194.0
1354,2020-07-02,KRAMAT JATI,201.0
1355,2020-07-03,KRAMAT JATI,204.0
1356,2020-07-04,KRAMAT JATI,207.0
1357,2020-07-05,KRAMAT JATI,208.0
1358,2020-07-06,KRAMAT JATI,209.0
1359,2020-07-07,KRAMAT JATI,212.0
1360,2020-07-08,KRAMAT JATI,216.0
1361,2020-07-09,KRAMAT JATI,219.0
1362,2020-07-10,KRAMAT JATI,230.0
1363,2020-07-11,KRAMAT JATI,231.0
1364,2020-07-12,KRAMAT JATI,236.0
1365,2020-07-13,KRAMAT JATI,238.0
1366,2020-07-14,KRAMAT JATI,246.0
1367,2020-07-15,KRAMAT JATI,256.0
1368,2020-07-16,KRAMAT JATI,255.0
1369,2020-07-17,KRAMAT JATI,260.0
1370,2020-07-18,KRAMAT JATI,269.0
1371,2020-07-19,KRAMAT JATI,272.0
1372,2020-07-20,KRAMAT JATI,274.0
1373,2020-07-21,KRAMAT JATI,274.0
1374,2020-07-22,KRAMAT JATI,278.0
1375,2020-07-23,KRAMAT JATI,280.0
1376,2020-07-24,KRAMAT JATI,281.0
1377,2020-07-25,KRAMAT JATI,283.0
1378,2020-07-26,KRAMAT JATI,283.0
1379,2020-07-27,KRAMAT JATI,292.0
1380,2020-07-28,KRAMAT JATI,293.0
1381,2020-07-29,KRAMAT JATI,297.0
1382,2020-07-30,KRAMAT JATI,299.0
1383,2020-07-31,KRAMAT JATI,297.0
1384,2020-08-01,KRAMAT JATI,297.70514769617154
1385,2020-08-02,KRAMAT JATI,298.9280512757347
1386,2020-08-03,KRAMAT JATI,300.66803097166553
1387,2020-08-04,KRAMAT JATI,302.92440701693965
1388,2020-08-05,KRAMAT JATI,305.69649964453305
1389,2020-08-06,KRAMAT JATI,308.98362908742155
1390,2020-08-07,KRAMAT JATI,312.78511557858104
1391,2020-08-08,KRAMAT JATI,317.1002793509873
1392,2020-08-09,KRAMAT JATI,321.92844063761623
1393,2020-08-10,KRAMAT JATI,327.26891967144365
1394,2020-08-11,KRAMAT JATI,333.1210366854455
1395,2020-08-12,KRAMAT JATI,339.48411191259754
1396,2020-08-13,KRAMAT JATI,346.35746558587573
1397,2020-08-14,KRAMAT JATI,353.74041793825575
1398,2020-08-15,KRAMAT JATI,361.6322892027136
1399,2020-08-16,KRAMAT JATI,370.03239961222505
1400,2020-08-17,KRAMAT JATI,378.9400693997661
1401,2020-08-18,KRAMAT JATI,388.3546187983124
1402,2020-08-19,KRAMAT JATI,398.2753680408399
1403,2020-08-20,KRAMAT JATI,408.7016373603245
1404,2020-08-21,KRAMAT JATI,419.632746989742
1405,2020-08-22,KRAMAT JATI,431.06801716206814
1406,2020-08-23,KRAMAT JATI,443.00676811027904
1407,2020-08-24,KRAMAT JATI,455.4483200673504
1408,2020-08-25,KRAMAT JATI,468.39199326625794
1409,2020-08-26,KRAMAT JATI,481.8371079399778
1410,2020-08-27,KRAMAT JATI,495.7829843214857
1411,2020-08-28,KRAMAT JATI,510.22894264375736
1412,2020-08-29,KRAMAT JATI,525.1743031397687
1413,2020-08-30,KRAMAT JATI,540.6183860424958
1414,2020-08-31,KRAMAT JATI,556.5605115849143
1415,2020-09-01,KRAMAT JATI,573.0
1416,2020-09-02,KRAMAT JATI,595.0
1417,2020-09-03,KRAMAT JATI,624.0
1418,2020-09-04,KRAMAT JATI,637.0
1419,2020-09-05,KRAMAT JATI,662.0
1420,2020-09-06,KRAMAT JATI,684.0
1421,2020-09-07,KRAMAT JATI,699.0
1422,2020-09-08,KRAMAT JATI,678.0
1423,2020-09-09,KRAMAT JATI,688.0
1424,2020-09-10,KRAMAT JATI,724.0
1425,2020-09-11,KRAMAT JATI,763.0
1426,2020-09-12,KRAMAT JATI,777.0
1427,2020-09-13,KRAMAT JATI,823.0
1428,2020-09-14,KRAMAT JATI,805.0
1429,2020-09-15,KRAMAT JATI,825.0
1430,2020-09-16,KRAMAT JATI,838.0
1431,2020-09-17,KRAMAT JATI,859.0
1432,2020-09-18,KRAMAT JATI,875.0
1433,2020-09-19,KRAMAT JATI,904.0
1434,2020-09-20,KRAMAT JATI,938.0
1435,2020-09-21,KRAMAT JATI,953.0
1436,2020-09-22,KRAMAT JATI,958.0
1437,2020-09-23,KRAMAT JATI,991.0
1438,2020-09-24,KRAMAT JATI,1009.0
1439,2020-09-25,KRAMAT JATI,1033.0
1440,2020-09-26,KRAMAT JATI,1047.0
1441,2020-09-27,KRAMAT JATI,1079.0
1442,2020-09-28,KRAMAT JATI,1101.0
1443,2020-09-29,KRAMAT JATI,1134.0
1444,2020-09-30,KRAMAT JATI,1153.0
1445,2020-10-01,KRAMAT JATI,1181.0
1446,2020-10-02,KRAMAT JATI,1206.0
1447,2020-10-03,KRAMAT JATI,1234.0
1448,2020-10-04,KRAMAT JATI,1276.0
1449,2020-10-05,KRAMAT JATI,1295.0
1450,2020-10-06,KRAMAT JATI,1316.0
1451,2020-10-07,KRAMAT JATI,1347.0
1452,2020-10-08,KRAMAT JATI,1371.0
1453,2020-10-09,KRAMAT JATI,1410.0
1454,2020-10-10,KRAMAT JATI,1443.0
1455,2020-10-11,KRAMAT JATI,1469.0
1456,2020-10-12,KRAMAT JATI,1496.0
1457,2020-10-13,KRAMAT JATI,1511.0
1458,2020-10-14,KRAMAT JATI,1542.0
1459,2020-10-15,KRAMAT JATI,1557.0
1460,2020-10-16,KRAMAT JATI,1600.0
1461,2020-10-17,KRAMAT JATI,1635.0
1462,2020-10-18,KRAMAT JATI,1663.0
1463,2020-10-19,KRAMAT JATI,1694.0
1464,2020-10-20,KRAMAT JATI,1716.0
1465,2020-10-21,KRAMAT JATI,1739.0
1466,2020-10-22,KRAMAT JATI,1763.0
1467,2020-10-23,KRAMAT JATI,1776.0
1468,2020-10-24,KRAMAT JATI,1814.0
1469,2020-10-25,KRAMAT JATI,1846.0
1470,2020-10-26,KRAMAT JATI,1877.0
1471,2020-10-27,KRAMAT JATI,1919.0
1472,2020-10-28,KRAMAT JATI,1931.0
1473,2020-10-29,KRAMAT JATI,1940.0
1474,2020-10-30,KRAMAT JATI,1963.0
1475,2020-10-31,KRAMAT JATI,1977.0
1476,2020-11-01,KRAMAT JATI,1988.0
1477,2020-11-02,KRAMAT JATI,2043.0
1478,2020-11-03,KRAMAT JATI,2065.0
1479,2020-11-04,KRAMAT JATI,2087.0
1480,2020-11-05,KRAMAT JATI,2099.0
1481,2020-11-06,KRAMAT JATI,2117.0
1482,2020-11-07,KRAMAT JATI,2138.0
1483,2020-11-08,KRAMAT JATI,2150.0
1484,2020-11-09,KRAMAT JATI,2167.0
1485,2020-11-10,KRAMAT JATI,2196.0
1486,2020-11-11,KRAMAT JATI,2213.0
1487,2020-11-12,KRAMAT JATI,2221.0
1488,2020-11-13,KRAMAT JATI,2255.0
1489,2020-11-14,KRAMAT JATI,2269.0
1490,2020-11-15,KRAMAT JATI,2298.0
1491,2020-11-16,KRAMAT JATI,2313.0
1492,2020-11-17,KRAMAT JATI,2329.0
1493,2020-11-18,KRAMAT JATI,2365.0
1494,2020-11-19,KRAMAT JATI,2387.0
1495,2020-11-20,KRAMAT JATI,2419.0
1496,2020-11-21,KRAMAT JATI,2466.0
1497,2020-11-22,KRAMAT JATI,2500.0
1498,2020-11-23,KRAMAT JATI,2507.0
1499,2020-11-24,KRAMAT JATI,2544.0
1500,2020-11-25,KRAMAT JATI,2588.0
1501,2020-11-26,KRAMAT JATI,2618.0
1502,2020-11-27,KRAMAT JATI,2643.0
1503,2020-11-28,KRAMAT JATI,2683.0
1504,2020-11-29,KRAMAT JATI,2722.0
1505,2020-11-30,KRAMAT JATI,2738.0
1506,2020-03-25,MAKASAR,7.0
1507,2020-03-26,MAKASAR,7.0
1508,2020-03-27,MAKASAR,9.0
1509,2020-03-28,MAKASAR,9.0
1510,2020-03-29,MAKASAR,10.0
1511,2020-03-30,MAKASAR,10.0
1512,2020-03-31,MAKASAR,12.0
1513,2020-04-01,MAKASAR,12.0
1514,2020-04-02,MAKASAR,12.0
1515,2020-04-03,MAKASAR,13.0
1516,2020-04-04,MAKASAR,13.0
1517,2020-04-05,MAKASAR,16.0
1518,2020-04-06,MAKASAR,17.0
1519,2020-04-07,MAKASAR,18.0
1520,2020-04-08,MAKASAR,19.0
1521,2020-04-09,MAKASAR,21.0
1522,2020-04-10,MAKASAR,24.0
1523,2020-04-11,MAKASAR,24.0
1524,2020-04-12,MAKASAR,26.0
1525,2020-04-13,MAKASAR,28.0
1526,2020-04-14,MAKASAR,29.0
1527,2020-04-15,MAKASAR,27.0
1528,2020-04-16,MAKASAR,27.0
1529,2020-04-17,MAKASAR,27.0
1530,2020-04-18,MAKASAR,28.0
1531,2020-04-19,MAKASAR,28.0
1532,2020-04-20,MAKASAR,28.0
1533,2020-04-21,MAKASAR,31.0
1534,2020-04-22,MAKASAR,33.0
1535,2020-04-23,MAKASAR,34.0
1536,2020-04-24,MAKASAR,35.0
1537,2020-04-25,MAKASAR,40.0
1538,2020-04-26,MAKASAR,43.0
1539,2020-04-27,MAKASAR,44.0
1540,2020-04-28,MAKASAR,45.0
1541,2020-04-29,MAKASAR,47.0
1542,2020-04-30,MAKASAR,48.0
1543,2020-05-01,MAKASAR,49.0
1544,2020-05-02,MAKASAR,50.0
1545,2020-05-03,MAKASAR,51.0
1546,2020-05-04,MAKASAR,53.0
1547,2020-05-05,MAKASAR,53.0
1548,2020-05-06,MAKASAR,53.0
1549,2020-05-07,MAKASAR,53.0
1550,2020-05-08,MAKASAR,53.0
1551,2020-05-09,MAKASAR,53.0
1552,2020-05-10,MAKASAR,53.0
1553,2020-05-11,MAKASAR,55.0
1554,2020-05-12,MAKASAR,57.0
1555,2020-05-13,MAKASAR,57.0
1556,2020-05-14,MAKASAR,57.0
1557,2020-05-15,MAKASAR,59.0
1558,2020-05-16,MAKASAR,59.0
1559,2020-05-17,MAKASAR,60.0
1560,2020-05-18,MAKASAR,60.0
1561,2020-05-19,MAKASAR,61.0
1562,2020-05-20,MAKASAR,61.0
1563,2020-05-21,MAKASAR,62.0
1564,2020-05-22,MAKASAR,63.0
1565,2020-05-23,MAKASAR,64.0
1566,2020-05-24,MAKASAR,65.0
1567,2020-05-25,MAKASAR,65.0
1568,2020-05-26,MAKASAR,66.0
1569,2020-05-27,MAKASAR,68.0
1570,2020-05-28,MAKASAR,68.0
1571,2020-05-29,MAKASAR,68.0
1572,2020-05-30,MAKASAR,67.0
1573,2020-05-31,MAKASAR,68.0
1574,2020-06-01,MAKASAR,68.0
1575,2020-06-02,MAKASAR,68.0
1576,2020-06-03,MAKASAR,68.0
1577,2020-06-04,MAKASAR,68.0
1578,2020-06-05,MAKASAR,67.0
1579,2020-06-06,MAKASAR,68.0
1580,2020-06-07,MAKASAR,68.0
1581,2020-06-08,MAKASAR,68.0
1582,2020-06-09,MAKASAR,70.0
1583,2020-06-10,MAKASAR,73.0
1584,2020-06-11,MAKASAR,75.0
1585,2020-06-12,MAKASAR,75.0
1586,2020-06-13,MAKASAR,76.0
1587,2020-06-14,MAKASAR,76.0
1588,2020-06-15,MAKASAR,76.0
1589,2020-06-16,MAKASAR,77.0
1590,2020-06-17,MAKASAR,79.0
1591,2020-06-18,MAKASAR,81.0
1592,2020-06-19,MAKASAR,83.0
1593,2020-06-20,MAKASAR,83.0
1594,2020-06-21,MAKASAR,83.0
1595,2020-06-22,MAKASAR,88.0
1596,2020-06-23,MAKASAR,89.0
1597,2020-06-24,MAKASAR,89.0
1598,2020-06-25,MAKASAR,91.0
1599,2020-06-26,MAKASAR,95.0
1600,2020-06-27,MAKASAR,97.0
1601,2020-06-28,MAKASAR,98.0
1602,2020-06-29,MAKASAR,98.0
1603,2020-06-30,MAKASAR,98.0
1604,2020-07-01,MAKASAR,98.0
1605,2020-07-02,MAKASAR,101.0
1606,2020-07-03,MAKASAR,108.0
1607,2020-07-04,MAKASAR,113.0
1608,2020-07-05,MAKASAR,115.0
1609,2020-07-06,MAKASAR,115.0
1610,2020-07-07,MAKASAR,118.0
1611,2020-07-08,MAKASAR,119.0
1612,2020-07-09,MAKASAR,120.0
1613,2020-07-10,MAKASAR,116.0
1614,2020-07-11,MAKASAR,116.0
1615,2020-07-12,MAKASAR,117.0
1616,2020-07-13,MAKASAR,117.0
1617,2020-07-14,MAKASAR,125.0
1618,2020-07-15,MAKASAR,130.0
1619,2020-07-16,MAKASAR,134.0
1620,2020-07-17,MAKASAR,137.0
1621,2020-07-18,MAKASAR,138.0
1622,2020-07-19,MAKASAR,139.0
1623,2020-07-20,MAKASAR,150.0
1624,2020-07-21,MAKASAR,150.0
1625,2020-07-22,MAKASAR,156.0
1626,2020-07-23,MAKASAR,155.0
1627,2020-07-24,MAKASAR,155.0
1628,2020-07-25,MAKASAR,160.0
1629,2020-07-26,MAKASAR,160.0
1630,2020-07-27,MAKASAR,162.0
1631,2020-07-28,MAKASAR,183.0
1632,2020-07-29,MAKASAR,196.0
1633,2020-07-30,MAKASAR,198.0
1634,2020-07-31,MAKASAR,196.0
1635,2020-08-01,MAKASAR,202.1761802841116
1636,2020-08-02,MAKASAR,208.41116375430778
1637,2020-08-03,MAKASAR,214.70257054175994
1638,2020-08-04,MAKASAR,221.04802077763958
1639,2020-08-05,MAKASAR,227.44513459311818
1640,2020-08-06,MAKASAR,233.89153211936718
1641,2020-08-07,MAKASAR,240.38483348755807
1642,2020-08-08,MAKASAR,246.92265882886232
1643,2020-08-09,MAKASAR,253.50262827445144
1644,2020-08-10,MAKASAR,260.1223619554968
1645,2020-08-11,MAKASAR,266.77948000317
1646,2020-08-12,MAKASAR,273.4716025486424
1647,2020-08-13,MAKASAR,280.1963497230856
1648,2020-08-14,MAKASAR,286.9513416576709
1649,2020-08-15,MAKASAR,293.73419848356997
1650,2020-08-16,MAKASAR,300.54254033195406
1651,2020-08-17,MAKASAR,307.3739873339948
1652,2020-08-18,MAKASAR,314.22615962086365
1653,2020-08-19,MAKASAR,321.09667732373197
1654,2020-08-20,MAKASAR,327.9831605737715
1655,2020-08-21,MAKASAR,334.8832295021533
1656,2020-08-22,MAKASAR,341.79450424004926
1657,2020-08-23,MAKASAR,348.7146049186306
1658,2020-08-24,MAKASAR,355.6411516690688
1659,2020-08-25,MAKASAR,362.5717646225354
1660,2020-08-26,MAKASAR,369.5040639102018
1661,2020-08-27,MAKASAR,376.4356696632397
1662,2020-08-28,MAKASAR,383.3642020128202
1663,2020-08-29,MAKASAR,390.287281090115
1664,2020-08-30,MAKASAR,397.2025270262957
1665,2020-08-31,MAKASAR,404.10755995253356
1666,2020-09-01,MAKASAR,411.0
1667,2020-09-02,MAKASAR,418.0
1668,2020-09-03,MAKASAR,419.0
1669,2020-09-04,MAKASAR,428.0
1670,2020-09-05,MAKASAR,453.0
1671,2020-09-06,MAKASAR,470.0
1672,2020-09-07,MAKASAR,518.0
1673,2020-09-08,MAKASAR,509.0
1674,2020-09-09,MAKASAR,541.0
1675,2020-09-10,MAKASAR,571.0
1676,2020-09-11,MAKASAR,586.0
1677,2020-09-12,MAKASAR,604.0
1678,2020-09-13,MAKASAR,647.0
1679,2020-09-14,MAKASAR,654.0
1680,2020-09-15,MAKASAR,657.0
1681,2020-09-16,MAKASAR,672.0
1682,2020-09-17,MAKASAR,689.0
1683,2020-09-18,MAKASAR,705.0
1684,2020-09-19,MAKASAR,726.0
1685,2020-09-20,MAKASAR,775.0
1686,2020-09-21,MAKASAR,783.0
1687,2020-09-22,MAKASAR,814.0
1688,2020-09-23,MAKASAR,848.0
1689,2020-09-24,MAKASAR,887.0
1690,2020-09-25,MAKASAR,930.0
1691,2020-09-26,MAKASAR,949.0
1692,2020-09-27,MAKASAR,993.0
1693,2020-09-28,MAKASAR,1016.0
1694,2020-09-29,MAKASAR,1023.0
1695,2020-09-30,MAKASAR,1032.0
1696,2020-10-01,MAKASAR,1066.0
1697,2020-10-02,MAKASAR,1085.0
1698,2020-10-03,MAKASAR,1098.0
1699,2020-10-04,MAKASAR,1127.0
1700,2020-10-05,MAKASAR,1143.0
1701,2020-10-06,MAKASAR,1153.0
1702,2020-10-07,MAKASAR,1168.0
1703,2020-10-08,MAKASAR,1206.0
1704,2020-10-09,MAKASAR,1225.0
1705,2020-10-10,MAKASAR,1234.0
1706,2020-10-11,MAKASAR,1256.0
1707,2020-10-12,MAKASAR,1268.0
1708,2020-10-13,MAKASAR,1294.0
1709,2020-10-14,MAKASAR,1322.0
1710,2020-10-15,MAKASAR,1341.0
1711,2020-10-16,MAKASAR,1357.0
1712,2020-10-17,MAKASAR,1398.0
1713,2020-10-18,MAKASAR,1420.0
1714,2020-10-19,MAKASAR,1441.0
1715,2020-10-20,MAKASAR,1448.0
1716,2020-10-21,MAKASAR,1467.0
1717,2020-10-22,MAKASAR,1493.0
1718,2020-10-23,MAKASAR,1514.0
1719,2020-10-24,MAKASAR,1529.0
1720,2020-10-25,MAKASAR,1546.0
1721,2020-10-26,MAKASAR,1566.0
1722,2020-10-27,MAKASAR,1579.0
1723,2020-10-28,MAKASAR,1590.0
1724,2020-10-29,MAKASAR,1593.0
1725,2020-10-30,MAKASAR,1604.0
1726,2020-10-31,MAKASAR,1614.0
1727,2020-11-01,MAKASAR,1618.0
1728,2020-11-02,MAKASAR,1630.0
1729,2020-11-03,MAKASAR,1642.0
1730,2020-11-04,MAKASAR,1666.0
1731,2020-11-05,MAKASAR,1682.0
1732,2020-11-06,MAKASAR,1692.0
1733,2020-11-07,MAKASAR,1710.0
1734,2020-11-08,MAKASAR,1732.0
1735,2020-11-09,MAKASAR,1756.0
1736,2020-11-10,MAKASAR,1778.0
1737,2020-11-11,MAKASAR,1796.0
1738,2020-11-12,MAKASAR,1825.0
1739,2020-11-13,MAKASAR,1841.0
1740,2020-11-14,MAKASAR,1855.0
1741,2020-11-15,MAKASAR,1888.0
1742,2020-11-16,MAKASAR,1908.0
1743,2020-11-17,MAKASAR,1923.0
1744,2020-11-18,MAKASAR,1950.0
1745,2020-11-19,MAKASAR,1960.0
1746,2020-11-20,MAKASAR,1995.0
1747,2020-11-21,MAKASAR,2022.0
1748,2020-11-22,MAKASAR,2039.0
1749,2020-11-23,MAKASAR,2049.0
1750,2020-11-24,MAKASAR,2073.0
1751,2020-11-25,MAKASAR,2108.0
1752,2020-11-26,MAKASAR,2144.0
1753,2020-11-27,MAKASAR,2160.0
1754,2020-11-28,MAKASAR,2183.0
1755,2020-11-29,MAKASAR,2204.0
1756,2020-11-30,MAKASAR,2215.0
1757,2020-03-25,MATRAMAN,6.0
1758,2020-03-26,MATRAMAN,7.0
1759,2020-03-27,MATRAMAN,7.0
1760,2020-03-28,MATRAMAN,7.0
1761,2020-03-29,MATRAMAN,9.0
1762,2020-03-30,MATRAMAN,9.0
1763,2020-03-31,MATRAMAN,9.0
1764,2020-04-01,MATRAMAN,9.0
1765,2020-04-02,MATRAMAN,11.0
1766,2020-04-03,MATRAMAN,11.0
1767,2020-04-04,MATRAMAN,12.0
1768,2020-04-05,MATRAMAN,22.0
1769,2020-04-06,MATRAMAN,23.0
1770,2020-04-07,MATRAMAN,25.0
1771,2020-04-08,MATRAMAN,25.0
1772,2020-04-09,MATRAMAN,28.0
1773,2020-04-10,MATRAMAN,28.0
1774,2020-04-11,MATRAMAN,28.0
1775,2020-04-12,MATRAMAN,28.0
1776,2020-04-13,MATRAMAN,29.0
1777,2020-04-14,MATRAMAN,29.0
1778,2020-04-15,MATRAMAN,33.0
1779,2020-04-16,MATRAMAN,37.0
1780,2020-04-17,MATRAMAN,47.0
1781,2020-04-18,MATRAMAN,50.0
1782,2020-04-19,MATRAMAN,50.0
1783,2020-04-20,MATRAMAN,51.0
1784,2020-04-21,MATRAMAN,56.0
1785,2020-04-22,MATRAMAN,60.0
1786,2020-04-23,MATRAMAN,62.0
1787,2020-04-24,MATRAMAN,64.0
1788,2020-04-25,MATRAMAN,69.0
1789,2020-04-26,MATRAMAN,70.0
1790,2020-04-27,MATRAMAN,72.0
1791,2020-04-28,MATRAMAN,74.0
1792,2020-04-29,MATRAMAN,74.0
1793,2020-04-30,MATRAMAN,74.0
1794,2020-05-01,MATRAMAN,79.0
1795,2020-05-02,MATRAMAN,83.0
1796,2020-05-03,MATRAMAN,87.0
1797,2020-05-04,MATRAMAN,87.0
1798,2020-05-05,MATRAMAN,90.0
1799,2020-05-06,MATRAMAN,91.0
1800,2020-05-07,MATRAMAN,95.0
1801,2020-05-08,MATRAMAN,95.0
1802,2020-05-09,MATRAMAN,98.0
1803,2020-05-10,MATRAMAN,100.0
1804,2020-05-11,MATRAMAN,103.0
1805,2020-05-12,MATRAMAN,105.0
1806,2020-05-13,MATRAMAN,107.0
1807,2020-05-14,MATRAMAN,107.0
1808,2020-05-15,MATRAMAN,110.0
1809,2020-05-16,MATRAMAN,115.0
1810,2020-05-17,MATRAMAN,115.0
1811,2020-05-18,MATRAMAN,116.0
1812,2020-05-19,MATRAMAN,120.0
1813,2020-05-20,MATRAMAN,121.0
1814,2020-05-21,MATRAMAN,123.0
1815,2020-05-22,MATRAMAN,123.0
1816,2020-05-23,MATRAMAN,124.0
1817,2020-05-24,MATRAMAN,124.0
1818,2020-05-25,MATRAMAN,124.0
1819,2020-05-26,MATRAMAN,128.0
1820,2020-05-27,MATRAMAN,129.0
1821,2020-05-28,MATRAMAN,129.0
1822,2020-05-29,MATRAMAN,131.0
1823,2020-05-30,MATRAMAN,137.0
1824,2020-05-31,MATRAMAN,137.0
1825,2020-06-01,MATRAMAN,139.0
1826,2020-06-02,MATRAMAN,139.0
1827,2020-06-03,MATRAMAN,139.0
1828,2020-06-04,MATRAMAN,142.0
1829,2020-06-05,MATRAMAN,144.0
1830,2020-06-06,MATRAMAN,144.0
1831,2020-06-07,MATRAMAN,145.0
1832,2020-06-08,MATRAMAN,145.0
1833,2020-06-09,MATRAMAN,145.0
1834,2020-06-10,MATRAMAN,147.0
1835,2020-06-11,MATRAMAN,147.0
1836,2020-06-12,MATRAMAN,149.0
1837,2020-06-13,MATRAMAN,149.0
1838,2020-06-14,MATRAMAN,149.0
1839,2020-06-15,MATRAMAN,149.0
1840,2020-06-16,MATRAMAN,150.0
1841,2020-06-17,MATRAMAN,151.0
1842,2020-06-18,MATRAMAN,161.0
1843,2020-06-19,MATRAMAN,161.0
1844,2020-06-20,MATRAMAN,162.0
1845,2020-06-21,MATRAMAN,164.0
1846,2020-06-22,MATRAMAN,165.0
1847,2020-06-23,MATRAMAN,167.0
1848,2020-06-24,MATRAMAN,168.0
1849,2020-06-25,MATRAMAN,168.0
1850,2020-06-26,MATRAMAN,171.0
1851,2020-06-27,MATRAMAN,173.0
1852,2020-06-28,MATRAMAN,173.0
1853,2020-06-29,MATRAMAN,178.0
1854,2020-06-30,MATRAMAN,178.0
1855,2020-07-01,MATRAMAN,185.0
1856,2020-07-02,MATRAMAN,189.0
1857,2020-07-03,MATRAMAN,194.0
1858,2020-07-04,MATRAMAN,197.0
1859,2020-07-05,MATRAMAN,199.0
1860,2020-07-06,MATRAMAN,201.0
1861,2020-07-07,MATRAMAN,209.0
1862,2020-07-08,MATRAMAN,213.0
1863,2020-07-09,MATRAMAN,215.0
1864,2020-07-10,MATRAMAN,216.0
1865,2020-07-11,MATRAMAN,216.0
1866,2020-07-12,MATRAMAN,218.0
1867,2020-07-13,MATRAMAN,221.0
1868,2020-07-14,MATRAMAN,228.0
1869,2020-07-15,MATRAMAN,253.0
1870,2020-07-16,MATRAMAN,261.0
1871,2020-07-17,MATRAMAN,278.0
1872,2020-07-18,MATRAMAN,281.0
1873,2020-07-19,MATRAMAN,283.0
1874,2020-07-20,MATRAMAN,291.0
1875,2020-07-21,MATRAMAN,291.0
1876,2020-07-22,MATRAMAN,293.0
1877,2020-07-23,MATRAMAN,293.0
1878,2020-07-24,MATRAMAN,294.0
1879,2020-07-25,MATRAMAN,297.0
1880,2020-07-26,MATRAMAN,297.0
1881,2020-07-27,MATRAMAN,299.0
1882,2020-07-28,MATRAMAN,312.0
1883,2020-07-29,MATRAMAN,313.0
1884,2020-07-30,MATRAMAN,317.0
1885,2020-07-31,MATRAMAN,313.0
1886,2020-08-01,MATRAMAN,315.6648347662708
1887,2020-08-02,MATRAMAN,319.1301263765057
1888,2020-08-03,MATRAMAN,323.3417818252354
1889,2020-08-04,MATRAMAN,328.24570810699106
1890,2020-08-05,MATRAMAN,333.78781221630334
1891,2020-08-06,MATRAMAN,339.9140011477031
1892,2020-08-07,MATRAMAN,346.5701818957214
1893,2020-08-08,MATRAMAN,353.702261454889
1894,2020-08-09,MATRAMAN,361.2561468197368
1895,2020-08-10,MATRAMAN,369.17774498479565
1896,2020-08-11,MATRAMAN,377.41296294459653
1897,2020-08-12,MATRAMAN,385.9077076936703
1898,2020-08-13,MATRAMAN,394.60788622654775
1899,2020-08-14,MATRAMAN,403.45940553775984
1900,2020-08-15,MATRAMAN,412.40817262183737
1901,2020-08-16,MATRAMAN,421.40009447331124
1902,2020-08-17,MATRAMAN,430.3810780867125
1903,2020-08-18,MATRAMAN,439.2970304565718
1904,2020-08-19,MATRAMAN,448.0938585774202
1905,2020-08-20,MATRAMAN,456.71746944378833
1906,2020-08-21,MATRAMAN,465.11377005020745
1907,2020-08-22,MATRAMAN,473.22866739120803
1908,2020-08-23,MATRAMAN,481.00806846132133
1909,2020-08-24,MATRAMAN,488.3978802550779
1910,2020-08-25,MATRAMAN,495.34400976700886
1911,2020-08-26,MATRAMAN,501.79236399164495
1912,2020-08-27,MATRAMAN,507.6888499235172
1913,2020-08-28,MATRAMAN,512.9793745571563
1914,2020-08-29,MATRAMAN,517.6098448870932
1915,2020-08-30,MATRAMAN,521.526167907859
1916,2020-08-31,MATRAMAN,524.6742506139842
1917,2020-09-01,MATRAMAN,527.0
1918,2020-09-02,MATRAMAN,528.0
1919,2020-09-03,MATRAMAN,531.0
1920,2020-09-04,MATRAMAN,534.0
1921,2020-09-05,MATRAMAN,552.0
1922,2020-09-06,MATRAMAN,557.0
1923,2020-09-07,MATRAMAN,580.0
1924,2020-09-08,MATRAMAN,576.0
1925,2020-09-09,MATRAMAN,610.0
1926,2020-09-10,MATRAMAN,687.0
1927,2020-09-11,MATRAMAN,704.0
1928,2020-09-12,MATRAMAN,720.0
1929,2020-09-13,MATRAMAN,743.0
1930,2020-09-14,MATRAMAN,734.0
1931,2020-09-15,MATRAMAN,759.0
1932,2020-09-16,MATRAMAN,762.0
1933,2020-09-17,MATRAMAN,779.0
1934,2020-09-18,MATRAMAN,771.0
1935,2020-09-19,MATRAMAN,784.0
1936,2020-09-20,MATRAMAN,802.0
1937,2020-09-21,MATRAMAN,810.0
1938,2020-09-22,MATRAMAN,828.0
1939,2020-09-23,MATRAMAN,845.0
1940,2020-09-24,MATRAMAN,852.0
1941,2020-09-25,MATRAMAN,866.0
1942,2020-09-26,MATRAMAN,883.0
1943,2020-09-27,MATRAMAN,888.0
1944,2020-09-28,MATRAMAN,913.0
1945,2020-09-29,MATRAMAN,921.0
1946,2020-09-30,MATRAMAN,962.0
1947,2020-10-01,MATRAMAN,971.0
1948,2020-10-02,MATRAMAN,980.0
1949,2020-10-03,MATRAMAN,993.0
1950,2020-10-04,MATRAMAN,1009.0
1951,2020-10-05,MATRAMAN,1014.0
1952,2020-10-06,MATRAMAN,1035.0
1953,2020-10-07,MATRAMAN,1048.0
1954,2020-10-08,MATRAMAN,1070.0
1955,2020-10-09,MATRAMAN,1089.0
1956,2020-10-10,MATRAMAN,1103.0
1957,2020-10-11,MATRAMAN,1130.0
1958,2020-10-12,MATRAMAN,1145.0
1959,2020-10-13,MATRAMAN,1153.0
1960,2020-10-14,MATRAMAN,1174.0
1961,2020-10-15,MATRAMAN,1182.0
1962,2020-10-16,MATRAMAN,1201.0
1963,2020-10-17,MATRAMAN,1229.0
1964,2020-10-18,MATRAMAN,1238.0
1965,2020-10-19,MATRAMAN,1252.0
1966,2020-10-20,MATRAMAN,1284.0
1967,2020-10-21,MATRAMAN,1290.0
1968,2020-10-22,MATRAMAN,1301.0
1969,2020-10-23,MATRAMAN,1310.0
1970,2020-10-24,MATRAMAN,1335.0
1971,2020-10-25,MATRAMAN,1349.0
1972,2020-10-26,MATRAMAN,1373.0
1973,2020-10-27,MATRAMAN,1372.0
1974,2020-10-28,MATRAMAN,1376.0
1975,2020-10-29,MATRAMAN,1382.0
1976,2020-10-30,MATRAMAN,1388.0
1977,2020-10-31,MATRAMAN,1392.0
1978,2020-11-01,MATRAMAN,1404.0
1979,2020-11-02,MATRAMAN,1408.0
1980,2020-11-03,MATRAMAN,1419.0
1981,2020-11-04,MATRAMAN,1440.0
1982,2020-11-05,MATRAMAN,1447.0
1983,2020-11-06,MATRAMAN,1446.0
1984,2020-11-07,MATRAMAN,1476.0
1985,2020-11-08,MATRAMAN,1510.0
1986,2020-11-09,MATRAMAN,1514.0
1987,2020-11-10,MATRAMAN,1546.0
1988,2020-11-11,MATRAMAN,1548.0
1989,2020-11-12,MATRAMAN,1555.0
1990,2020-11-13,MATRAMAN,1591.0
1991,2020-11-14,MATRAMAN,1595.0
1992,2020-11-15,MATRAMAN,1607.0
1993,2020-11-16,MATRAMAN,1636.0
1994,2020-11-17,MATRAMAN,1644.0
1995,2020-11-18,MATRAMAN,1662.0
1996,2020-11-19,MATRAMAN,1673.0
1997,2020-11-20,MATRAMAN,1685.0
1998,2020-11-21,MATRAMAN,1715.0
1999,2020-11-22,MATRAMAN,1723.0
2000,2020-11-23,MATRAMAN,1767.0
2001,2020-11-24,MATRAMAN,1774.0
2002,2020-11-25,MATRAMAN,1783.0
2003,2020-11-26,MATRAMAN,1800.0
2004,2020-11-27,MATRAMAN,1805.0
2005,2020-11-28,MATRAMAN,1810.0
2006,2020-11-29,MATRAMAN,1823.0
2007,2020-11-30,MATRAMAN,1827.0
2008,2020-03-25,PASAR REBO,4.0
2009,2020-03-26,PASAR REBO,4.0
2010,2020-03-27,PASAR REBO,4.0
2011,2020-03-28,PASAR REBO,4.0
2012,2020-03-29,PASAR REBO,4.0
2013,2020-03-30,PASAR REBO,5.0
2014,2020-03-31,PASAR REBO,9.0
2015,2020-04-01,PASAR REBO,9.0
2016,2020-04-02,PASAR REBO,10.0
2017,2020-04-03,PASAR REBO,10.0
2018,2020-04-04,PASAR REBO,10.0
2019,2020-04-05,PASAR REBO,10.0
2020,2020-04-06,PASAR REBO,10.0
2021,2020-04-07,PASAR REBO,10.0
2022,2020-04-08,PASAR REBO,12.0
2023,2020-04-09,PASAR REBO,15.0
2024,2020-04-10,PASAR REBO,17.0
2025,2020-04-11,PASAR REBO,17.0
2026,2020-04-12,PASAR REBO,17.0
2027,2020-04-13,PASAR REBO,18.0
2028,2020-04-14,PASAR REBO,19.0
2029,2020-04-15,PASAR REBO,23.0
2030,2020-04-16,PASAR REBO,23.0
2031,2020-04-17,PASAR REBO,23.0
2032,2020-04-18,PASAR REBO,24.0
2033,2020-04-19,PASAR REBO,25.0
2034,2020-04-20,PASAR REBO,25.0
2035,2020-04-21,PASAR REBO,25.0
2036,2020-04-22,PASAR REBO,25.0
2037,2020-04-23,PASAR REBO,25.0
2038,2020-04-24,PASAR REBO,27.0
2039,2020-04-25,PASAR REBO,27.0
2040,2020-04-26,PASAR REBO,30.0
2041,2020-04-27,PASAR REBO,31.0
2042,2020-04-28,PASAR REBO,30.0
2043,2020-04-29,PASAR REBO,31.0
2044,2020-04-30,PASAR REBO,30.0
2045,2020-05-01,PASAR REBO,34.0
2046,2020-05-02,PASAR REBO,36.0
2047,2020-05-03,PASAR REBO,35.0
2048,2020-05-04,PASAR REBO,36.0
2049,2020-05-05,PASAR REBO,38.0
2050,2020-05-06,PASAR REBO,39.0
2051,2020-05-07,PASAR REBO,39.0
2052,2020-05-08,PASAR REBO,39.0
2053,2020-05-09,PASAR REBO,43.0
2054,2020-05-10,PASAR REBO,43.0
2055,2020-05-11,PASAR REBO,41.0
2056,2020-05-12,PASAR REBO,42.0
2057,2020-05-13,PASAR REBO,42.0
2058,2020-05-14,PASAR REBO,46.0
2059,2020-05-15,PASAR REBO,47.0
2060,2020-05-16,PASAR REBO,47.0
2061,2020-05-17,PASAR REBO,47.0
2062,2020-05-18,PASAR REBO,48.0
2063,2020-05-19,PASAR REBO,48.0
2064,2020-05-20,PASAR REBO,47.0
2065,2020-05-21,PASAR REBO,48.0
2066,2020-05-22,PASAR REBO,48.0
2067,2020-05-23,PASAR REBO,49.0
2068,2020-05-24,PASAR REBO,52.0
2069,2020-05-25,PASAR REBO,52.0
2070,2020-05-26,PASAR REBO,53.0
2071,2020-05-27,PASAR REBO,53.0
2072,2020-05-28,PASAR REBO,53.0
2073,2020-05-29,PASAR REBO,54.0
2074,2020-05-30,PASAR REBO,54.0
2075,2020-05-31,PASAR REBO,55.0
2076,2020-06-01,PASAR REBO,56.0
2077,2020-06-02,PASAR REBO,57.0
2078,2020-06-03,PASAR REBO,58.0
2079,2020-06-04,PASAR REBO,60.0
2080,2020-06-05,PASAR REBO,65.0
2081,2020-06-06,PASAR REBO,63.0
2082,2020-06-07,PASAR REBO,64.0
2083,2020-06-08,PASAR REBO,65.0
2084,2020-06-09,PASAR REBO,65.0
2085,2020-06-10,PASAR REBO,68.0
2086,2020-06-11,PASAR REBO,71.0
2087,2020-06-12,PASAR REBO,72.0
2088,2020-06-13,PASAR REBO,73.0
2089,2020-06-14,PASAR REBO,73.0
2090,2020-06-15,PASAR REBO,75.0
2091,2020-06-16,PASAR REBO,76.0
2092,2020-06-17,PASAR REBO,81.0
2093,2020-06-18,PASAR REBO,83.0
2094,2020-06-19,PASAR REBO,84.0
2095,2020-06-20,PASAR REBO,86.0
2096,2020-06-21,PASAR REBO,88.0
2097,2020-06-22,PASAR REBO,92.0
2098,2020-06-23,PASAR REBO,93.0
2099,2020-06-24,PASAR REBO,93.0
2100,2020-06-25,PASAR REBO,91.0
2101,2020-06-26,PASAR REBO,102.0
2102,2020-06-27,PASAR REBO,105.0
2103,2020-06-28,PASAR REBO,105.0
2104,2020-06-29,PASAR REBO,109.0
2105,2020-06-30,PASAR REBO,109.0
2106,2020-07-01,PASAR REBO,109.0
2107,2020-07-02,PASAR REBO,107.0
2108,2020-07-03,PASAR REBO,107.0
2109,2020-07-04,PASAR REBO,109.0
2110,2020-07-05,PASAR REBO,110.0
2111,2020-07-06,PASAR REBO,112.0
2112,2020-07-07,PASAR REBO,114.0
2113,2020-07-08,PASAR REBO,116.0
2114,2020-07-09,PASAR REBO,122.0
2115,2020-07-10,PASAR REBO,127.0
2116,2020-07-11,PASAR REBO,128.0
2117,2020-07-12,PASAR REBO,130.0
2118,2020-07-13,PASAR REBO,128.0
2119,2020-07-14,PASAR REBO,139.0
2120,2020-07-15,PASAR REBO,147.0
2121,2020-07-16,PASAR REBO,148.0
2122,2020-07-17,PASAR REBO,151.0
2123,2020-07-18,PASAR REBO,164.0
2124,2020-07-19,PASAR REBO,168.0
2125,2020-07-20,PASAR REBO,173.0
2126,2020-07-21,PASAR REBO,174.0
2127,2020-07-22,PASAR REBO,179.0
2128,2020-07-23,PASAR REBO,179.0
2129,2020-07-24,PASAR REBO,180.0
2130,2020-07-25,PASAR REBO,184.0
2131,2020-07-26,PASAR REBO,184.0
2132,2020-07-27,PASAR REBO,188.0
2133,2020-07-28,PASAR REBO,189.0
2134,2020-07-29,PASAR REBO,192.0
2135,2020-07-30,PASAR REBO,192.0
2136,2020-07-31,PASAR REBO,192.0
2137,2020-08-01,PASAR REBO,192.18606979782516
2138,2020-08-02,PASAR REBO,192.73929740287164
2139,2020-08-03,PASAR REBO,193.65221013249578
2140,2020-08-04,PASAR REBO,194.91733530405403
2141,2020-08-05,PASAR REBO,196.52720023490286
2142,2020-08-06,PASAR REBO,198.47433224239867
2143,2020-08-07,PASAR REBO,200.7512586438978
2144,2020-08-08,PASAR REBO,203.35050675675677
2145,2020-08-09,PASAR REBO,206.26460389833193
2146,2020-08-10,PASAR REBO,209.4860773859797
2147,2020-08-11,PASAR REBO,213.0074545370566
2148,2020-08-12,PASAR REBO,216.8212626689189
2149,2020-08-13,PASAR REBO,220.92002909892312
2150,2020-08-14,PASAR REBO,225.29628114442568
2151,2020-08-15,PASAR REBO,229.94254612278294
2152,2020-08-16,PASAR REBO,234.85135135135135
2153,2020-08-17,PASAR REBO,240.01522414748732
2154,2020-08-18,PASAR REBO,245.4266918285473
2155,2020-08-19,PASAR REBO,251.07828171188768
2156,2020-08-20,PASAR REBO,256.96252111486484
2157,2020-08-21,PASAR REBO,263.0719373548353
2158,2020-08-22,PASAR REBO,269.3990577491554
2159,2020-08-23,PASAR REBO,275.9364096151816
2160,2020-08-24,PASAR REBO,282.67652027027026
2161,2020-08-25,PASAR REBO,289.61191703177786
2162,2020-08-26,PASAR REBO,296.73512721706084
2163,2020-08-27,PASAR REBO,304.0386781434755
2164,2020-08-28,PASAR REBO,311.51509712837833
2165,2020-08-29,PASAR REBO,319.15691148912583
2166,2020-08-30,PASAR REBO,326.9566485430743
2167,2020-08-31,PASAR REBO,334.9068356075802
2168,2020-09-01,PASAR REBO,343.0
2169,2020-09-02,PASAR REBO,357.0
2170,2020-09-03,PASAR REBO,363.0
2171,2020-09-04,PASAR REBO,370.0
2172,2020-09-05,PASAR REBO,385.0
2173,2020-09-06,PASAR REBO,392.0
2174,2020-09-07,PASAR REBO,416.0
2175,2020-09-08,PASAR REBO,407.0
2176,2020-09-09,PASAR REBO,436.0
2177,2020-09-10,PASAR REBO,447.0
2178,2020-09-11,PASAR REBO,461.0
2179,2020-09-12,PASAR REBO,478.0
2180,2020-09-13,PASAR REBO,496.0
2181,2020-09-14,PASAR REBO,493.0
2182,2020-09-15,PASAR REBO,501.0
2183,2020-09-16,PASAR REBO,504.0
2184,2020-09-17,PASAR REBO,519.0
2185,2020-09-18,PASAR REBO,548.0
2186,2020-09-19,PASAR REBO,558.0
2187,2020-09-20,PASAR REBO,574.0
2188,2020-09-21,PASAR REBO,586.0
2189,2020-09-22,PASAR REBO,596.0
2190,2020-09-23,PASAR REBO,610.0
2191,2020-09-24,PASAR REBO,630.0
2192,2020-09-25,PASAR REBO,658.0
2193,2020-09-26,PASAR REBO,678.0
2194,2020-09-27,PASAR REBO,695.0
2195,2020-09-28,PASAR REBO,725.0
2196,2020-09-29,PASAR REBO,756.0
2197,2020-09-30,PASAR REBO,773.0
2198,2020-10-01,PASAR REBO,799.0
2199,2020-10-02,PASAR REBO,805.0
2200,2020-10-03,PASAR REBO,826.0
2201,2020-10-04,PASAR REBO,840.0
2202,2020-10-05,PASAR REBO,849.0
2203,2020-10-06,PASAR REBO,874.0
2204,2020-10-07,PASAR REBO,887.0
2205,2020-10-08,PASAR REBO,922.0
2206,2020-10-09,PASAR REBO,936.0
2207,2020-10-10,PASAR REBO,974.0
2208,2020-10-11,PASAR REBO,990.0
2209,2020-10-12,PASAR REBO,1013.0
2210,2020-10-13,PASAR REBO,1044.0
2211,2020-10-14,PASAR REBO,1056.0
2212,2020-10-15,PASAR REBO,1065.0
2213,2020-10-16,PASAR REBO,1092.0
2214,2020-10-17,PASAR REBO,1103.0
2215,2020-10-18,PASAR REBO,1123.0
2216,2020-10-19,PASAR REBO,1139.0
2217,2020-10-20,PASAR REBO,1146.0
2218,2020-10-21,PASAR REBO,1168.0
2219,2020-10-22,PASAR REBO,1177.0
2220,2020-10-23,PASAR REBO,1199.0
2221,2020-10-24,PASAR REBO,1204.0
2222,2020-10-25,PASAR REBO,1216.0
2223,2020-10-26,PASAR REBO,1236.0
2224,2020-10-27,PASAR REBO,1252.0
2225,2020-10-28,PASAR REBO,1263.0
2226,2020-10-29,PASAR REBO,1273.0
2227,2020-10-30,PASAR REBO,1282.0
2228,2020-10-31,PASAR REBO,1292.0
2229,2020-11-01,PASAR REBO,1301.0
2230,2020-11-02,PASAR REBO,1322.0
2231,2020-11-03,PASAR REBO,1347.0
2232,2020-11-04,PASAR REBO,1373.0
2233,2020-11-05,PASAR REBO,1381.0
2234,2020-11-06,PASAR REBO,1387.0
2235,2020-11-07,PASAR REBO,1426.0
2236,2020-11-08,PASAR REBO,1441.0
2237,2020-11-09,PASAR REBO,1448.0
2238,2020-11-10,PASAR REBO,1470.0
2239,2020-11-11,PASAR REBO,1483.0
2240,2020-11-12,PASAR REBO,1497.0
2241,2020-11-13,PASAR REBO,1532.0
2242,2020-11-14,PASAR REBO,1549.0
2243,2020-11-15,PASAR REBO,1569.0
2244,2020-11-16,PASAR REBO,1582.0
2245,2020-11-17,PASAR REBO,1599.0
2246,2020-11-18,PASAR REBO,1611.0
2247,2020-11-19,PASAR REBO,1629.0
2248,2020-11-20,PASAR REBO,1641.0
2249,2020-11-21,PASAR REBO,1662.0
2250,2020-11-22,PASAR REBO,1685.0
2251,2020-11-23,PASAR REBO,1691.0
2252,2020-11-24,PASAR REBO,1703.0
2253,2020-11-25,PASAR REBO,1747.0
2254,2020-11-26,PASAR REBO,1756.0
2255,2020-11-27,PASAR REBO,1774.0
2256,2020-11-28,PASAR REBO,1783.0
2257,2020-11-29,PASAR REBO,1820.0
2258,2020-11-30,PASAR REBO,1827.0
2259,2020-03-25,PULO GADUNG,10.0
2260,2020-03-26,PULO GADUNG,11.0
2261,2020-03-27,PULO GADUNG,12.0
2262,2020-03-28,PULO GADUNG,12.0
2263,2020-03-29,PULO GADUNG,12.0
2264,2020-03-30,PULO GADUNG,14.0
2265,2020-03-31,PULO GADUNG,15.0
2266,2020-04-01,PULO GADUNG,15.0
2267,2020-04-02,PULO GADUNG,23.0
2268,2020-04-03,PULO GADUNG,22.0
2269,2020-04-04,PULO GADUNG,23.0
2270,2020-04-05,PULO GADUNG,25.0
2271,2020-04-06,PULO GADUNG,26.0
2272,2020-04-07,PULO GADUNG,27.0
2273,2020-04-08,PULO GADUNG,27.0
2274,2020-04-09,PULO GADUNG,28.0
2275,2020-04-10,PULO GADUNG,32.0
2276,2020-04-11,PULO GADUNG,34.0
2277,2020-04-12,PULO GADUNG,40.0
2278,2020-04-13,PULO GADUNG,44.0
2279,2020-04-14,PULO GADUNG,49.0
2280,2020-04-15,PULO GADUNG,52.0
2281,2020-04-16,PULO GADUNG,58.0
2282,2020-04-17,PULO GADUNG,58.0
2283,2020-04-18,PULO GADUNG,62.0
2284,2020-04-19,PULO GADUNG,62.0
2285,2020-04-20,PULO GADUNG,65.0
2286,2020-04-21,PULO GADUNG,70.0
2287,2020-04-22,PULO GADUNG,72.0
2288,2020-04-23,PULO GADUNG,78.0
2289,2020-04-24,PULO GADUNG,80.0
2290,2020-04-25,PULO GADUNG,84.0
2291,2020-04-26,PULO GADUNG,86.0
2292,2020-04-27,PULO GADUNG,87.0
2293,2020-04-28,PULO GADUNG,87.0
2294,2020-04-29,PULO GADUNG,92.0
2295,2020-04-30,PULO GADUNG,94.0
2296,2020-05-01,PULO GADUNG,95.0
2297,2020-05-02,PULO GADUNG,98.0
2298,2020-05-03,PULO GADUNG,101.0
2299,2020-05-04,PULO GADUNG,103.0
2300,2020-05-05,PULO GADUNG,104.0
2301,2020-05-06,PULO GADUNG,106.0
2302,2020-05-07,PULO GADUNG,105.0
2303,2020-05-08,PULO GADUNG,111.0
2304,2020-05-09,PULO GADUNG,111.0
2305,2020-05-10,PULO GADUNG,115.0
2306,2020-05-11,PULO GADUNG,117.0
2307,2020-05-12,PULO GADUNG,120.0
2308,2020-05-13,PULO GADUNG,122.0
2309,2020-05-14,PULO GADUNG,122.0
2310,2020-05-15,PULO GADUNG,122.0
2311,2020-05-16,PULO GADUNG,124.0
2312,2020-05-17,PULO GADUNG,124.0
2313,2020-05-18,PULO GADUNG,124.0
2314,2020-05-19,PULO GADUNG,129.0
2315,2020-05-20,PULO GADUNG,131.0
2316,2020-05-21,PULO GADUNG,131.0
2317,2020-05-22,PULO GADUNG,131.0
2318,2020-05-23,PULO GADUNG,131.0
2319,2020-05-24,PULO GADUNG,132.0
2320,2020-05-25,PULO GADUNG,132.0
2321,2020-05-26,PULO GADUNG,133.0
2322,2020-05-27,PULO GADUNG,136.0
2323,2020-05-28,PULO GADUNG,137.0
2324,2020-05-29,PULO GADUNG,139.0
2325,2020-05-30,PULO GADUNG,140.0
2326,2020-05-31,PULO GADUNG,140.0
2327,2020-06-01,PULO GADUNG,141.0
2328,2020-06-02,PULO GADUNG,141.0
2329,2020-06-03,PULO GADUNG,143.0
2330,2020-06-04,PULO GADUNG,146.0
2331,2020-06-05,PULO GADUNG,146.0
2332,2020-06-06,PULO GADUNG,149.0
2333,2020-06-07,PULO GADUNG,149.0
2334,2020-06-08,PULO GADUNG,151.0
2335,2020-06-09,PULO GADUNG,153.0
2336,2020-06-10,PULO GADUNG,157.0
2337,2020-06-11,PULO GADUNG,159.0
2338,2020-06-12,PULO GADUNG,164.0
2339,2020-06-13,PULO GADUNG,132.0
2340,2020-06-14,PULO GADUNG,133.0
2341,2020-06-15,PULO GADUNG,134.0
2342,2020-06-16,PULO GADUNG,138.0
2343,2020-06-17,PULO GADUNG,140.0
2344,2020-06-18,PULO GADUNG,141.0
2345,2020-06-19,PULO GADUNG,143.0
2346,2020-06-20,PULO GADUNG,145.0
2347,2020-06-21,PULO GADUNG,146.0
2348,2020-06-22,PULO GADUNG,148.0
2349,2020-06-23,PULO GADUNG,156.0
2350,2020-06-24,PULO GADUNG,157.0
2351,2020-06-25,PULO GADUNG,163.0
2352,2020-06-26,PULO GADUNG,164.0
2353,2020-06-27,PULO GADUNG,168.0
2354,2020-06-28,PULO GADUNG,168.0
2355,2020-06-29,PULO GADUNG,172.0
2356,2020-06-30,PULO GADUNG,173.0
2357,2020-07-01,PULO GADUNG,174.0
2358,2020-07-02,PULO GADUNG,180.0
2359,2020-07-03,PULO GADUNG,182.0
2360,2020-07-04,PULO GADUNG,184.0
2361,2020-07-05,PULO GADUNG,186.0
2362,2020-07-06,PULO GADUNG,188.0
2363,2020-07-07,PULO GADUNG,191.0
2364,2020-07-08,PULO GADUNG,196.0
2365,2020-07-09,PULO GADUNG,200.0
2366,2020-07-10,PULO GADUNG,203.0
2367,2020-07-11,PULO GADUNG,203.0
2368,2020-07-12,PULO GADUNG,217.0
2369,2020-07-13,PULO GADUNG,220.0
2370,2020-07-14,PULO GADUNG,233.0
2371,2020-07-15,PULO GADUNG,255.0
2372,2020-07-16,PULO GADUNG,259.0
2373,2020-07-17,PULO GADUNG,260.0
2374,2020-07-18,PULO GADUNG,262.0
2375,2020-07-19,PULO GADUNG,265.0
2376,2020-07-20,PULO GADUNG,266.0
2377,2020-07-21,PULO GADUNG,279.0
2378,2020-07-22,PULO GADUNG,284.0
2379,2020-07-23,PULO GADUNG,288.0
2380,2020-07-24,PULO GADUNG,296.0
2381,2020-07-25,PULO GADUNG,301.0
2382,2020-07-26,PULO GADUNG,301.0
2383,2020-07-27,PULO GADUNG,316.0
2384,2020-07-28,PULO GADUNG,322.0
2385,2020-07-29,PULO GADUNG,332.0
2386,2020-07-30,PULO GADUNG,334.0
2387,2020-07-31,PULO GADUNG,332.0
2388,2020-08-01,PULO GADUNG,339.6456637137277
2389,2020-08-02,PULO GADUNG,347.54469926727484
2390,2020-08-03,PULO GADUNG,355.68675713011936
2391,2020-08-04,PULO GADUNG,364.0614877717391
2392,2020-08-05,PULO GADUNG,372.658541661612
2393,2020-08-06,PULO GADUNG,381.46756926921574
2394,2020-08-07,PULO GADUNG,390.4782210640285
2395,2020-08-08,PULO GADUNG,399.68014751552795
2396,2020-08-09,PULO GADUNG,409.06299909319193
2397,2020-08-10,PULO GADUNG,418.6164262664984
2398,2020-08-11,PULO GADUNG,428.33007950492527
2399,2020-08-12,PULO GADUNG,438.1936092779503
2400,2020-08-13,PULO GADUNG,448.1966660550514
2401,2020-08-14,PULO GADUNG,458.32890030570644
2402,2020-08-15,PULO GADUNG,468.5799624993934
2403,2020-08-16,PULO GADUNG,478.93950310559
2404,2020-08-17,PULO GADUNG,489.39717259377426
2405,2020-08-18,PULO GADUNG,499.94262143342394
2406,2020-08-19,PULO GADUNG,510.56550009401695
2407,2020-08-20,PULO GADUNG,521.255459045031
2408,2020-08-21,PULO GADUNG,532.0021487559443
2409,2020-08-22,PULO GADUNG,542.7952196962344
2410,2020-08-23,PULO GADUNG,553.6243223353795
2411,2020-08-24,PULO GADUNG,564.4791071428572
2412,2020-08-25,PULO GADUNG,575.3492245881455
2413,2020-08-26,PULO GADUNG,586.224325140722
2414,2020-08-27,PULO GADUNG,597.094059270065
2415,2020-08-28,PULO GADUNG,607.9480774456521
2416,2020-08-29,PULO GADUNG,618.7760301369614
2417,2020-08-30,PULO GADUNG,629.5675678134705
2418,2020-08-31,PULO GADUNG,640.3123409446574
2419,2020-09-01,PULO GADUNG,651.0
2420,2020-09-02,PULO GADUNG,662.0
2421,2020-09-03,PULO GADUNG,667.0
2422,2020-09-04,PULO GADUNG,683.0
2423,2020-09-05,PULO GADUNG,730.0
2424,2020-09-06,PULO GADUNG,741.0
2425,2020-09-07,PULO GADUNG,757.0
2426,2020-09-08,PULO GADUNG,749.0
2427,2020-09-09,PULO GADUNG,779.0
2428,2020-09-10,PULO GADUNG,803.0
2429,2020-09-11,PULO GADUNG,824.0
2430,2020-09-12,PULO GADUNG,841.0
2431,2020-09-13,PULO GADUNG,897.0
2432,2020-09-14,PULO GADUNG,904.0
2433,2020-09-15,PULO GADUNG,917.0
2434,2020-09-16,PULO GADUNG,936.0
2435,2020-09-17,PULO GADUNG,949.0
2436,2020-09-18,PULO GADUNG,981.0
2437,2020-09-19,PULO GADUNG,995.0
2438,2020-09-20,PULO GADUNG,1017.0
2439,2020-09-21,PULO GADUNG,1058.0
2440,2020-09-22,PULO GADUNG,1075.0
2441,2020-09-23,PULO GADUNG,1108.0
2442,2020-09-24,PULO GADUNG,1123.0
2443,2020-09-25,PULO GADUNG,1179.0
2444,2020-09-26,PULO GADUNG,1210.0
2445,2020-09-27,PULO GADUNG,1252.0
2446,2020-09-28,PULO GADUNG,1275.0
2447,2020-09-29,PULO GADUNG,1305.0
2448,2020-09-30,PULO GADUNG,1317.0
2449,2020-10-01,PULO GADUNG,1346.0
2450,2020-10-02,PULO GADUNG,1361.0
2451,2020-10-03,PULO GADUNG,1372.0
2452,2020-10-04,PULO GADUNG,1393.0
2453,2020-10-05,PULO GADUNG,1420.0
2454,2020-10-06,PULO GADUNG,1466.0
2455,2020-10-07,PULO GADUNG,1489.0
2456,2020-10-08,PULO GADUNG,1508.0
2457,2020-10-09,PULO GADUNG,1544.0
2458,2020-10-10,PULO GADUNG,1564.0
2459,2020-10-11,PULO GADUNG,1606.0
2460,2020-10-12,PULO GADUNG,1627.0
2461,2020-10-13,PULO GADUNG,1654.0
2462,2020-10-14,PULO GADUNG,1675.0
2463,2020-10-15,PULO GADUNG,1696.0
2464,2020-10-16,PULO GADUNG,1732.0
2465,2020-10-17,PULO GADUNG,1754.0
2466,2020-10-18,PULO GADUNG,1766.0
2467,2020-10-19,PULO GADUNG,1791.0
2468,2020-10-20,PULO GADUNG,1810.0
2469,2020-10-21,PULO GADUNG,1820.0
2470,2020-10-22,PULO GADUNG,1840.0
2471,2020-10-23,PULO GADUNG,1860.0
2472,2020-10-24,PULO GADUNG,1879.0
2473,2020-10-25,PULO GADUNG,1895.0
2474,2020-10-26,PULO GADUNG,1911.0
2475,2020-10-27,PULO GADUNG,1923.0
2476,2020-10-28,PULO GADUNG,1930.0
2477,2020-10-29,PULO GADUNG,1941.0
2478,2020-10-30,PULO GADUNG,1965.0
2479,2020-10-31,PULO GADUNG,1978.0
2480,2020-11-01,PULO GADUNG,1993.0
2481,2020-11-02,PULO GADUNG,2003.0
2482,2020-11-03,PULO GADUNG,2024.0
2483,2020-11-04,PULO GADUNG,2046.0
2484,2020-11-05,PULO GADUNG,2063.0
2485,2020-11-06,PULO GADUNG,2076.0
2486,2020-11-07,PULO GADUNG,2097.0
2487,2020-11-08,PULO GADUNG,2121.0
2488,2020-11-09,PULO GADUNG,2152.0
2489,2020-11-10,PULO GADUNG,2171.0
2490,2020-11-11,PULO GADUNG,2180.0
2491,2020-11-12,PULO GADUNG,2205.0
2492,2020-11-13,PULO GADUNG,2230.0
2493,2020-11-14,PULO GADUNG,2249.0
2494,2020-11-15,PULO GADUNG,2272.0
2495,2020-11-16,PULO GADUNG,2286.0
2496,2020-11-17,PULO GADUNG,2301.0
2497,2020-11-18,PULO GADUNG,2328.0
2498,2020-11-19,PULO GADUNG,2365.0
2499,2020-11-20,PULO GADUNG,2393.0
2500,2020-11-21,PULO GADUNG,2420.0
2501,2020-11-22,PULO GADUNG,2448.0
2502,2020-11-23,PULO GADUNG,2469.0
2503,2020-11-24,PULO GADUNG,2487.0
2504,2020-11-25,PULO GADUNG,2512.0
2505,2020-11-26,PULO GADUNG,2549.0
2506,2020-11-27,PULO GADUNG,2606.0
2507,2020-11-28,PULO GADUNG,2635.0
2508,2020-11-29,PULO GADUNG,2660.0
2509,2020-11-30,PULO GADUNG,2691.0
